enroll,test,noise,snr_db,theta_pass,kind,rate
libri1,libri1,white,-5.0,0.2,tpr,0.4632
libri1,libri1,white,-5.0,0.225,tpr,0.4329
libri1,libri1,white,-5.0,0.25,tpr,0.2857
libri1,libri1,white,-5.0,0.275,tpr,0.2511
libri1,libri1,white,-5.0,0.3,tpr,0.2165
libri1,libri1,white,-5.0,0.325,tpr,0.1818
libri1,libri1,white,-5.0,0.35,tpr,0.1818
libri1,libri1,white,-5.0,0.375,tpr,0.0736
libri1,libri1,white,-5.0,0.4,tpr,0.0
libri1,libri1,white,-5.0,0.425,tpr,0.0
libri1,libri1,white,-5.0,0.45,tpr,0.0
libri1,libri1,white,-5.0,0.475,tpr,0.0
libri1,libri1,white,-5.0,0.5,tpr,0.0
libri1,libri1,white,-5.0,0.525,tpr,0.0
libri1,libri1,white,-5.0,0.55,tpr,0.0
libri1,libri1,white,0.0,0.2,tpr,0.697
libri1,libri1,white,0.0,0.225,tpr,0.632
libri1,libri1,white,0.0,0.25,tpr,0.5671
libri1,libri1,white,0.0,0.275,tpr,0.3593
libri1,libri1,white,0.0,0.3,tpr,0.1472
libri1,libri1,white,0.0,0.325,tpr,0.1472
libri1,libri1,white,0.0,0.35,tpr,0.0
libri1,libri1,white,0.0,0.375,tpr,0.0
libri1,libri1,white,0.0,0.4,tpr,0.0
libri1,libri1,white,0.0,0.425,tpr,0.0
libri1,libri1,white,0.0,0.45,tpr,0.0
libri1,libri1,white,0.0,0.475,tpr,0.0
libri1,libri1,white,0.0,0.5,tpr,0.0
libri1,libri1,white,0.0,0.525,tpr,0.0
libri1,libri1,white,0.0,0.55,tpr,0.0
libri1,libri1,white,5.0,0.2,tpr,0.6407
libri1,libri1,white,5.0,0.225,tpr,0.6104
libri1,libri1,white,5.0,0.25,tpr,0.6104
libri1,libri1,white,5.0,0.275,tpr,0.4286
libri1,libri1,white,5.0,0.3,tpr,0.1775
libri1,libri1,white,5.0,0.325,tpr,0.1429
libri1,libri1,white,5.0,0.35,tpr,0.1082
libri1,libri1,white,5.0,0.375,tpr,0.0
libri1,libri1,white,5.0,0.4,tpr,0.0
libri1,libri1,white,5.0,0.425,tpr,0.0
libri1,libri1,white,5.0,0.45,tpr,0.0
libri1,libri1,white,5.0,0.475,tpr,0.0
libri1,libri1,white,5.0,0.5,tpr,0.0
libri1,libri1,white,5.0,0.525,tpr,0.0
libri1,libri1,white,5.0,0.55,tpr,0.0
libri1,libri1,white,10.0,0.2,tpr,0.7186
libri1,libri1,white,10.0,0.225,tpr,0.684
libri1,libri1,white,10.0,0.25,tpr,0.6494
libri1,libri1,white,10.0,0.275,tpr,0.619
libri1,libri1,white,10.0,0.3,tpr,0.5844
libri1,libri1,white,10.0,0.325,tpr,0.5498
libri1,libri1,white,10.0,0.35,tpr,0.4978
libri1,libri1,white,10.0,0.375,tpr,0.29
libri1,libri1,white,10.0,0.4,tpr,0.2554
libri1,libri1,white,10.0,0.425,tpr,0.1472
libri1,libri1,white,10.0,0.45,tpr,0.0
libri1,libri1,white,10.0,0.475,tpr,0.0
libri1,libri1,white,10.0,0.5,tpr,0.0
libri1,libri1,white,10.0,0.525,tpr,0.0
libri1,libri1,white,10.0,0.55,tpr,0.0
libri1,libri1,white,15.0,0.2,tpr,0.7576
libri1,libri1,white,15.0,0.225,tpr,0.7576
libri1,libri1,white,15.0,0.25,tpr,0.7576
libri1,libri1,white,15.0,0.275,tpr,0.7576
libri1,libri1,white,15.0,0.3,tpr,0.7316
libri1,libri1,white,15.0,0.325,tpr,0.6017
libri1,libri1,white,15.0,0.35,tpr,0.5325
libri1,libri1,white,15.0,0.375,tpr,0.4632
libri1,libri1,white,15.0,0.4,tpr,0.29
libri1,libri1,white,15.0,0.425,tpr,0.1818
libri1,libri1,white,15.0,0.45,tpr,0.0736
libri1,libri1,white,15.0,0.475,tpr,0.0
libri1,libri1,white,15.0,0.5,tpr,0.0
libri1,libri1,white,15.0,0.525,tpr,0.0
libri1,libri1,white,15.0,0.55,tpr,0.0
libri1,libri1,white,20.0,0.2,tpr,0.7576
libri1,libri1,white,20.0,0.225,tpr,0.7576
libri1,libri1,white,20.0,0.25,tpr,0.7576
libri1,libri1,white,20.0,0.275,tpr,0.7229
libri1,libri1,white,20.0,0.3,tpr,0.7229
libri1,libri1,white,20.0,0.325,tpr,0.7229
libri1,libri1,white,20.0,0.35,tpr,0.658
libri1,libri1,white,20.0,0.375,tpr,0.5584
libri1,libri1,white,20.0,0.4,tpr,0.2511
libri1,libri1,white,20.0,0.425,tpr,0.2511
libri1,libri1,white,20.0,0.45,tpr,0.0736
libri1,libri1,white,20.0,0.475,tpr,0.0736
libri1,libri1,white,20.0,0.5,tpr,0.0736
libri1,libri1,white,20.0,0.525,tpr,0.0
libri1,libri1,white,20.0,0.55,tpr,0.0
libri1,libri1,pink,-5.0,0.2,tpr,0.1818
libri1,libri1,pink,-5.0,0.225,tpr,0.0736
libri1,libri1,pink,-5.0,0.25,tpr,0.0736
libri1,libri1,pink,-5.0,0.275,tpr,0.0736
libri1,libri1,pink,-5.0,0.3,tpr,0.0736
libri1,libri1,pink,-5.0,0.325,tpr,0.0736
libri1,libri1,pink,-5.0,0.35,tpr,0.0
libri1,libri1,pink,-5.0,0.375,tpr,0.0
libri1,libri1,pink,-5.0,0.4,tpr,0.0
libri1,libri1,pink,-5.0,0.425,tpr,0.0
libri1,libri1,pink,-5.0,0.45,tpr,0.0
libri1,libri1,pink,-5.0,0.475,tpr,0.0
libri1,libri1,pink,-5.0,0.5,tpr,0.0
libri1,libri1,pink,-5.0,0.525,tpr,0.0
libri1,libri1,pink,-5.0,0.55,tpr,0.0
libri1,libri1,pink,0.0,0.2,tpr,0.632
libri1,libri1,pink,0.0,0.225,tpr,0.5368
libri1,libri1,pink,0.0,0.25,tpr,0.3593
libri1,libri1,pink,0.0,0.275,tpr,0.2511
libri1,libri1,pink,0.0,0.3,tpr,0.2511
libri1,libri1,pink,0.0,0.325,tpr,0.1775
libri1,libri1,pink,0.0,0.35,tpr,0.1429
libri1,libri1,pink,0.0,0.375,tpr,0.0736
libri1,libri1,pink,0.0,0.4,tpr,0.0
libri1,libri1,pink,0.0,0.425,tpr,0.0
libri1,libri1,pink,0.0,0.45,tpr,0.0
libri1,libri1,pink,0.0,0.475,tpr,0.0
libri1,libri1,pink,0.0,0.5,tpr,0.0
libri1,libri1,pink,0.0,0.525,tpr,0.0
libri1,libri1,pink,0.0,0.55,tpr,0.0
libri1,libri1,pink,5.0,0.2,tpr,0.7532
libri1,libri1,pink,5.0,0.225,tpr,0.7229
libri1,libri1,pink,5.0,0.25,tpr,0.6234
libri1,libri1,pink,5.0,0.275,tpr,0.5887
libri1,libri1,pink,5.0,0.3,tpr,0.5195
libri1,libri1,pink,5.0,0.325,tpr,0.4286
libri1,libri1,pink,5.0,0.35,tpr,0.1472
libri1,libri1,pink,5.0,0.375,tpr,0.1472
libri1,libri1,pink,5.0,0.4,tpr,0.0
libri1,libri1,pink,5.0,0.425,tpr,0.0
libri1,libri1,pink,5.0,0.45,tpr,0.0
libri1,libri1,pink,5.0,0.475,tpr,0.0
libri1,libri1,pink,5.0,0.5,tpr,0.0
libri1,libri1,pink,5.0,0.525,tpr,0.0
libri1,libri1,pink,5.0,0.55,tpr,0.0
libri1,libri1,pink,10.0,0.2,tpr,0.7835
libri1,libri1,pink,10.0,0.225,tpr,0.7489
libri1,libri1,pink,10.0,0.25,tpr,0.7489
libri1,libri1,pink,10.0,0.275,tpr,0.7489
libri1,libri1,pink,10.0,0.3,tpr,0.6623
libri1,libri1,pink,10.0,0.325,tpr,0.5325
libri1,libri1,pink,10.0,0.35,tpr,0.4286
libri1,libri1,pink,10.0,0.375,tpr,0.3939
libri1,libri1,pink,10.0,0.4,tpr,0.3247
libri1,libri1,pink,10.0,0.425,tpr,0.1429
libri1,libri1,pink,10.0,0.45,tpr,0.1082
libri1,libri1,pink,10.0,0.475,tpr,0.0
libri1,libri1,pink,10.0,0.5,tpr,0.0
libri1,libri1,pink,10.0,0.525,tpr,0.0
libri1,libri1,pink,10.0,0.55,tpr,0.0
libri1,libri1,pink,15.0,0.2,tpr,0.7619
libri1,libri1,pink,15.0,0.225,tpr,0.7619
libri1,libri1,pink,15.0,0.25,tpr,0.7619
libri1,libri1,pink,15.0,0.275,tpr,0.7273
libri1,libri1,pink,15.0,0.3,tpr,0.7273
libri1,libri1,pink,15.0,0.325,tpr,0.697
libri1,libri1,pink,15.0,0.35,tpr,0.5628
libri1,libri1,pink,15.0,0.375,tpr,0.4545
libri1,libri1,pink,15.0,0.4,tpr,0.1429
libri1,libri1,pink,15.0,0.425,tpr,0.1082
libri1,libri1,pink,15.0,0.45,tpr,0.0736
libri1,libri1,pink,15.0,0.475,tpr,0.0736
libri1,libri1,pink,15.0,0.5,tpr,0.0
libri1,libri1,pink,15.0,0.525,tpr,0.0
libri1,libri1,pink,15.0,0.55,tpr,0.0
libri1,libri1,pink,20.0,0.2,tpr,0.7576
libri1,libri1,pink,20.0,0.225,tpr,0.7576
libri1,libri1,pink,20.0,0.25,tpr,0.7576
libri1,libri1,pink,20.0,0.275,tpr,0.7576
libri1,libri1,pink,20.0,0.3,tpr,0.7576
libri1,libri1,pink,20.0,0.325,tpr,0.7229
libri1,libri1,pink,20.0,0.35,tpr,0.7229
libri1,libri1,pink,20.0,0.375,tpr,0.5887
libri1,libri1,pink,20.0,0.4,tpr,0.4502
libri1,libri1,pink,20.0,0.425,tpr,0.3853
libri1,libri1,pink,20.0,0.45,tpr,0.316
libri1,libri1,pink,20.0,0.475,tpr,0.1818
libri1,libri1,pink,20.0,0.5,tpr,0.1082
libri1,libri1,pink,20.0,0.525,tpr,0.0736
libri1,libri1,pink,20.0,0.55,tpr,0.0
libri1,libri2,white,-5.0,0.2,fpr,0.0
libri1,libri2,white,-5.0,0.225,fpr,0.0
libri1,libri2,white,-5.0,0.25,fpr,0.0
libri1,libri2,white,-5.0,0.275,fpr,0.0
libri1,libri2,white,-5.0,0.3,fpr,0.0
libri1,libri2,white,-5.0,0.325,fpr,0.0
libri1,libri2,white,-5.0,0.35,fpr,0.0
libri1,libri2,white,-5.0,0.375,fpr,0.0
libri1,libri2,white,-5.0,0.4,fpr,0.0
libri1,libri2,white,-5.0,0.425,fpr,0.0
libri1,libri2,white,-5.0,0.45,fpr,0.0
libri1,libri2,white,-5.0,0.475,fpr,0.0
libri1,libri2,white,-5.0,0.5,fpr,0.0
libri1,libri2,white,-5.0,0.525,fpr,0.0
libri1,libri2,white,-5.0,0.55,fpr,0.0
libri1,libri2,white,0.0,0.2,fpr,0.0
libri1,libri2,white,0.0,0.225,fpr,0.0
libri1,libri2,white,0.0,0.25,fpr,0.0
libri1,libri2,white,0.0,0.275,fpr,0.0
libri1,libri2,white,0.0,0.3,fpr,0.0
libri1,libri2,white,0.0,0.325,fpr,0.0
libri1,libri2,white,0.0,0.35,fpr,0.0
libri1,libri2,white,0.0,0.375,fpr,0.0
libri1,libri2,white,0.0,0.4,fpr,0.0
libri1,libri2,white,0.0,0.425,fpr,0.0
libri1,libri2,white,0.0,0.45,fpr,0.0
libri1,libri2,white,0.0,0.475,fpr,0.0
libri1,libri2,white,0.0,0.5,fpr,0.0
libri1,libri2,white,0.0,0.525,fpr,0.0
libri1,libri2,white,0.0,0.55,fpr,0.0
libri1,libri2,white,5.0,0.2,fpr,0.0
libri1,libri2,white,5.0,0.225,fpr,0.0
libri1,libri2,white,5.0,0.25,fpr,0.0
libri1,libri2,white,5.0,0.275,fpr,0.0
libri1,libri2,white,5.0,0.3,fpr,0.0
libri1,libri2,white,5.0,0.325,fpr,0.0
libri1,libri2,white,5.0,0.35,fpr,0.0
libri1,libri2,white,5.0,0.375,fpr,0.0
libri1,libri2,white,5.0,0.4,fpr,0.0
libri1,libri2,white,5.0,0.425,fpr,0.0
libri1,libri2,white,5.0,0.45,fpr,0.0
libri1,libri2,white,5.0,0.475,fpr,0.0
libri1,libri2,white,5.0,0.5,fpr,0.0
libri1,libri2,white,5.0,0.525,fpr,0.0
libri1,libri2,white,5.0,0.55,fpr,0.0
libri1,libri2,white,10.0,0.2,fpr,0.0
libri1,libri2,white,10.0,0.225,fpr,0.0
libri1,libri2,white,10.0,0.25,fpr,0.0
libri1,libri2,white,10.0,0.275,fpr,0.0
libri1,libri2,white,10.0,0.3,fpr,0.0
libri1,libri2,white,10.0,0.325,fpr,0.0
libri1,libri2,white,10.0,0.35,fpr,0.0
libri1,libri2,white,10.0,0.375,fpr,0.0
libri1,libri2,white,10.0,0.4,fpr,0.0
libri1,libri2,white,10.0,0.425,fpr,0.0
libri1,libri2,white,10.0,0.45,fpr,0.0
libri1,libri2,white,10.0,0.475,fpr,0.0
libri1,libri2,white,10.0,0.5,fpr,0.0
libri1,libri2,white,10.0,0.525,fpr,0.0
libri1,libri2,white,10.0,0.55,fpr,0.0
libri1,libri2,white,15.0,0.2,fpr,0.0
libri1,libri2,white,15.0,0.225,fpr,0.0
libri1,libri2,white,15.0,0.25,fpr,0.0
libri1,libri2,white,15.0,0.275,fpr,0.0
libri1,libri2,white,15.0,0.3,fpr,0.0
libri1,libri2,white,15.0,0.325,fpr,0.0
libri1,libri2,white,15.0,0.35,fpr,0.0
libri1,libri2,white,15.0,0.375,fpr,0.0
libri1,libri2,white,15.0,0.4,fpr,0.0
libri1,libri2,white,15.0,0.425,fpr,0.0
libri1,libri2,white,15.0,0.45,fpr,0.0
libri1,libri2,white,15.0,0.475,fpr,0.0
libri1,libri2,white,15.0,0.5,fpr,0.0
libri1,libri2,white,15.0,0.525,fpr,0.0
libri1,libri2,white,15.0,0.55,fpr,0.0
libri1,libri2,white,20.0,0.2,fpr,0.0
libri1,libri2,white,20.0,0.225,fpr,0.0
libri1,libri2,white,20.0,0.25,fpr,0.0
libri1,libri2,white,20.0,0.275,fpr,0.0
libri1,libri2,white,20.0,0.3,fpr,0.0
libri1,libri2,white,20.0,0.325,fpr,0.0
libri1,libri2,white,20.0,0.35,fpr,0.0
libri1,libri2,white,20.0,0.375,fpr,0.0
libri1,libri2,white,20.0,0.4,fpr,0.0
libri1,libri2,white,20.0,0.425,fpr,0.0
libri1,libri2,white,20.0,0.45,fpr,0.0
libri1,libri2,white,20.0,0.475,fpr,0.0
libri1,libri2,white,20.0,0.5,fpr,0.0
libri1,libri2,white,20.0,0.525,fpr,0.0
libri1,libri2,white,20.0,0.55,fpr,0.0
libri1,libri2,pink,-5.0,0.2,fpr,0.0
libri1,libri2,pink,-5.0,0.225,fpr,0.0
libri1,libri2,pink,-5.0,0.25,fpr,0.0
libri1,libri2,pink,-5.0,0.275,fpr,0.0
libri1,libri2,pink,-5.0,0.3,fpr,0.0
libri1,libri2,pink,-5.0,0.325,fpr,0.0
libri1,libri2,pink,-5.0,0.35,fpr,0.0
libri1,libri2,pink,-5.0,0.375,fpr,0.0
libri1,libri2,pink,-5.0,0.4,fpr,0.0
libri1,libri2,pink,-5.0,0.425,fpr,0.0
libri1,libri2,pink,-5.0,0.45,fpr,0.0
libri1,libri2,pink,-5.0,0.475,fpr,0.0
libri1,libri2,pink,-5.0,0.5,fpr,0.0
libri1,libri2,pink,-5.0,0.525,fpr,0.0
libri1,libri2,pink,-5.0,0.55,fpr,0.0
libri1,libri2,pink,0.0,0.2,fpr,0.0
libri1,libri2,pink,0.0,0.225,fpr,0.0
libri1,libri2,pink,0.0,0.25,fpr,0.0
libri1,libri2,pink,0.0,0.275,fpr,0.0
libri1,libri2,pink,0.0,0.3,fpr,0.0
libri1,libri2,pink,0.0,0.325,fpr,0.0
libri1,libri2,pink,0.0,0.35,fpr,0.0
libri1,libri2,pink,0.0,0.375,fpr,0.0
libri1,libri2,pink,0.0,0.4,fpr,0.0
libri1,libri2,pink,0.0,0.425,fpr,0.0
libri1,libri2,pink,0.0,0.45,fpr,0.0
libri1,libri2,pink,0.0,0.475,fpr,0.0
libri1,libri2,pink,0.0,0.5,fpr,0.0
libri1,libri2,pink,0.0,0.525,fpr,0.0
libri1,libri2,pink,0.0,0.55,fpr,0.0
libri1,libri2,pink,5.0,0.2,fpr,0.0
libri1,libri2,pink,5.0,0.225,fpr,0.0
libri1,libri2,pink,5.0,0.25,fpr,0.0
libri1,libri2,pink,5.0,0.275,fpr,0.0
libri1,libri2,pink,5.0,0.3,fpr,0.0
libri1,libri2,pink,5.0,0.325,fpr,0.0
libri1,libri2,pink,5.0,0.35,fpr,0.0
libri1,libri2,pink,5.0,0.375,fpr,0.0
libri1,libri2,pink,5.0,0.4,fpr,0.0
libri1,libri2,pink,5.0,0.425,fpr,0.0
libri1,libri2,pink,5.0,0.45,fpr,0.0
libri1,libri2,pink,5.0,0.475,fpr,0.0
libri1,libri2,pink,5.0,0.5,fpr,0.0
libri1,libri2,pink,5.0,0.525,fpr,0.0
libri1,libri2,pink,5.0,0.55,fpr,0.0
libri1,libri2,pink,10.0,0.2,fpr,0.0
libri1,libri2,pink,10.0,0.225,fpr,0.0
libri1,libri2,pink,10.0,0.25,fpr,0.0
libri1,libri2,pink,10.0,0.275,fpr,0.0
libri1,libri2,pink,10.0,0.3,fpr,0.0
libri1,libri2,pink,10.0,0.325,fpr,0.0
libri1,libri2,pink,10.0,0.35,fpr,0.0
libri1,libri2,pink,10.0,0.375,fpr,0.0
libri1,libri2,pink,10.0,0.4,fpr,0.0
libri1,libri2,pink,10.0,0.425,fpr,0.0
libri1,libri2,pink,10.0,0.45,fpr,0.0
libri1,libri2,pink,10.0,0.475,fpr,0.0
libri1,libri2,pink,10.0,0.5,fpr,0.0
libri1,libri2,pink,10.0,0.525,fpr,0.0
libri1,libri2,pink,10.0,0.55,fpr,0.0
libri1,libri2,pink,15.0,0.2,fpr,0.0
libri1,libri2,pink,15.0,0.225,fpr,0.0
libri1,libri2,pink,15.0,0.25,fpr,0.0
libri1,libri2,pink,15.0,0.275,fpr,0.0
libri1,libri2,pink,15.0,0.3,fpr,0.0
libri1,libri2,pink,15.0,0.325,fpr,0.0
libri1,libri2,pink,15.0,0.35,fpr,0.0
libri1,libri2,pink,15.0,0.375,fpr,0.0
libri1,libri2,pink,15.0,0.4,fpr,0.0
libri1,libri2,pink,15.0,0.425,fpr,0.0
libri1,libri2,pink,15.0,0.45,fpr,0.0
libri1,libri2,pink,15.0,0.475,fpr,0.0
libri1,libri2,pink,15.0,0.5,fpr,0.0
libri1,libri2,pink,15.0,0.525,fpr,0.0
libri1,libri2,pink,15.0,0.55,fpr,0.0
libri1,libri2,pink,20.0,0.2,fpr,0.0
libri1,libri2,pink,20.0,0.225,fpr,0.0
libri1,libri2,pink,20.0,0.25,fpr,0.0
libri1,libri2,pink,20.0,0.275,fpr,0.0
libri1,libri2,pink,20.0,0.3,fpr,0.0
libri1,libri2,pink,20.0,0.325,fpr,0.0
libri1,libri2,pink,20.0,0.35,fpr,0.0
libri1,libri2,pink,20.0,0.375,fpr,0.0
libri1,libri2,pink,20.0,0.4,fpr,0.0
libri1,libri2,pink,20.0,0.425,fpr,0.0
libri1,libri2,pink,20.0,0.45,fpr,0.0
libri1,libri2,pink,20.0,0.475,fpr,0.0
libri1,libri2,pink,20.0,0.5,fpr,0.0
libri1,libri2,pink,20.0,0.525,fpr,0.0
libri1,libri2,pink,20.0,0.55,fpr,0.0
libri1,libri3,white,-5.0,0.2,fpr,0.0
libri1,libri3,white,-5.0,0.225,fpr,0.0
libri1,libri3,white,-5.0,0.25,fpr,0.0
libri1,libri3,white,-5.0,0.275,fpr,0.0
libri1,libri3,white,-5.0,0.3,fpr,0.0
libri1,libri3,white,-5.0,0.325,fpr,0.0
libri1,libri3,white,-5.0,0.35,fpr,0.0
libri1,libri3,white,-5.0,0.375,fpr,0.0
libri1,libri3,white,-5.0,0.4,fpr,0.0
libri1,libri3,white,-5.0,0.425,fpr,0.0
libri1,libri3,white,-5.0,0.45,fpr,0.0
libri1,libri3,white,-5.0,0.475,fpr,0.0
libri1,libri3,white,-5.0,0.5,fpr,0.0
libri1,libri3,white,-5.0,0.525,fpr,0.0
libri1,libri3,white,-5.0,0.55,fpr,0.0
libri1,libri3,white,0.0,0.2,fpr,0.0
libri1,libri3,white,0.0,0.225,fpr,0.0
libri1,libri3,white,0.0,0.25,fpr,0.0
libri1,libri3,white,0.0,0.275,fpr,0.0
libri1,libri3,white,0.0,0.3,fpr,0.0
libri1,libri3,white,0.0,0.325,fpr,0.0
libri1,libri3,white,0.0,0.35,fpr,0.0
libri1,libri3,white,0.0,0.375,fpr,0.0
libri1,libri3,white,0.0,0.4,fpr,0.0
libri1,libri3,white,0.0,0.425,fpr,0.0
libri1,libri3,white,0.0,0.45,fpr,0.0
libri1,libri3,white,0.0,0.475,fpr,0.0
libri1,libri3,white,0.0,0.5,fpr,0.0
libri1,libri3,white,0.0,0.525,fpr,0.0
libri1,libri3,white,0.0,0.55,fpr,0.0
libri1,libri3,white,5.0,0.2,fpr,0.0
libri1,libri3,white,5.0,0.225,fpr,0.0
libri1,libri3,white,5.0,0.25,fpr,0.0
libri1,libri3,white,5.0,0.275,fpr,0.0
libri1,libri3,white,5.0,0.3,fpr,0.0
libri1,libri3,white,5.0,0.325,fpr,0.0
libri1,libri3,white,5.0,0.35,fpr,0.0
libri1,libri3,white,5.0,0.375,fpr,0.0
libri1,libri3,white,5.0,0.4,fpr,0.0
libri1,libri3,white,5.0,0.425,fpr,0.0
libri1,libri3,white,5.0,0.45,fpr,0.0
libri1,libri3,white,5.0,0.475,fpr,0.0
libri1,libri3,white,5.0,0.5,fpr,0.0
libri1,libri3,white,5.0,0.525,fpr,0.0
libri1,libri3,white,5.0,0.55,fpr,0.0
libri1,libri3,white,10.0,0.2,fpr,0.0
libri1,libri3,white,10.0,0.225,fpr,0.0
libri1,libri3,white,10.0,0.25,fpr,0.0
libri1,libri3,white,10.0,0.275,fpr,0.0
libri1,libri3,white,10.0,0.3,fpr,0.0
libri1,libri3,white,10.0,0.325,fpr,0.0
libri1,libri3,white,10.0,0.35,fpr,0.0
libri1,libri3,white,10.0,0.375,fpr,0.0
libri1,libri3,white,10.0,0.4,fpr,0.0
libri1,libri3,white,10.0,0.425,fpr,0.0
libri1,libri3,white,10.0,0.45,fpr,0.0
libri1,libri3,white,10.0,0.475,fpr,0.0
libri1,libri3,white,10.0,0.5,fpr,0.0
libri1,libri3,white,10.0,0.525,fpr,0.0
libri1,libri3,white,10.0,0.55,fpr,0.0
libri1,libri3,white,15.0,0.2,fpr,0.0
libri1,libri3,white,15.0,0.225,fpr,0.0
libri1,libri3,white,15.0,0.25,fpr,0.0
libri1,libri3,white,15.0,0.275,fpr,0.0
libri1,libri3,white,15.0,0.3,fpr,0.0
libri1,libri3,white,15.0,0.325,fpr,0.0
libri1,libri3,white,15.0,0.35,fpr,0.0
libri1,libri3,white,15.0,0.375,fpr,0.0
libri1,libri3,white,15.0,0.4,fpr,0.0
libri1,libri3,white,15.0,0.425,fpr,0.0
libri1,libri3,white,15.0,0.45,fpr,0.0
libri1,libri3,white,15.0,0.475,fpr,0.0
libri1,libri3,white,15.0,0.5,fpr,0.0
libri1,libri3,white,15.0,0.525,fpr,0.0
libri1,libri3,white,15.0,0.55,fpr,0.0
libri1,libri3,white,20.0,0.2,fpr,0.0
libri1,libri3,white,20.0,0.225,fpr,0.0
libri1,libri3,white,20.0,0.25,fpr,0.0
libri1,libri3,white,20.0,0.275,fpr,0.0
libri1,libri3,white,20.0,0.3,fpr,0.0
libri1,libri3,white,20.0,0.325,fpr,0.0
libri1,libri3,white,20.0,0.35,fpr,0.0
libri1,libri3,white,20.0,0.375,fpr,0.0
libri1,libri3,white,20.0,0.4,fpr,0.0
libri1,libri3,white,20.0,0.425,fpr,0.0
libri1,libri3,white,20.0,0.45,fpr,0.0
libri1,libri3,white,20.0,0.475,fpr,0.0
libri1,libri3,white,20.0,0.5,fpr,0.0
libri1,libri3,white,20.0,0.525,fpr,0.0
libri1,libri3,white,20.0,0.55,fpr,0.0
libri1,libri3,pink,-5.0,0.2,fpr,0.0
libri1,libri3,pink,-5.0,0.225,fpr,0.0
libri1,libri3,pink,-5.0,0.25,fpr,0.0
libri1,libri3,pink,-5.0,0.275,fpr,0.0
libri1,libri3,pink,-5.0,0.3,fpr,0.0
libri1,libri3,pink,-5.0,0.325,fpr,0.0
libri1,libri3,pink,-5.0,0.35,fpr,0.0
libri1,libri3,pink,-5.0,0.375,fpr,0.0
libri1,libri3,pink,-5.0,0.4,fpr,0.0
libri1,libri3,pink,-5.0,0.425,fpr,0.0
libri1,libri3,pink,-5.0,0.45,fpr,0.0
libri1,libri3,pink,-5.0,0.475,fpr,0.0
libri1,libri3,pink,-5.0,0.5,fpr,0.0
libri1,libri3,pink,-5.0,0.525,fpr,0.0
libri1,libri3,pink,-5.0,0.55,fpr,0.0
libri1,libri3,pink,0.0,0.2,fpr,0.0
libri1,libri3,pink,0.0,0.225,fpr,0.0
libri1,libri3,pink,0.0,0.25,fpr,0.0
libri1,libri3,pink,0.0,0.275,fpr,0.0
libri1,libri3,pink,0.0,0.3,fpr,0.0
libri1,libri3,pink,0.0,0.325,fpr,0.0
libri1,libri3,pink,0.0,0.35,fpr,0.0
libri1,libri3,pink,0.0,0.375,fpr,0.0
libri1,libri3,pink,0.0,0.4,fpr,0.0
libri1,libri3,pink,0.0,0.425,fpr,0.0
libri1,libri3,pink,0.0,0.45,fpr,0.0
libri1,libri3,pink,0.0,0.475,fpr,0.0
libri1,libri3,pink,0.0,0.5,fpr,0.0
libri1,libri3,pink,0.0,0.525,fpr,0.0
libri1,libri3,pink,0.0,0.55,fpr,0.0
libri1,libri3,pink,5.0,0.2,fpr,0.0
libri1,libri3,pink,5.0,0.225,fpr,0.0
libri1,libri3,pink,5.0,0.25,fpr,0.0
libri1,libri3,pink,5.0,0.275,fpr,0.0
libri1,libri3,pink,5.0,0.3,fpr,0.0
libri1,libri3,pink,5.0,0.325,fpr,0.0
libri1,libri3,pink,5.0,0.35,fpr,0.0
libri1,libri3,pink,5.0,0.375,fpr,0.0
libri1,libri3,pink,5.0,0.4,fpr,0.0
libri1,libri3,pink,5.0,0.425,fpr,0.0
libri1,libri3,pink,5.0,0.45,fpr,0.0
libri1,libri3,pink,5.0,0.475,fpr,0.0
libri1,libri3,pink,5.0,0.5,fpr,0.0
libri1,libri3,pink,5.0,0.525,fpr,0.0
libri1,libri3,pink,5.0,0.55,fpr,0.0
libri1,libri3,pink,10.0,0.2,fpr,0.0
libri1,libri3,pink,10.0,0.225,fpr,0.0
libri1,libri3,pink,10.0,0.25,fpr,0.0
libri1,libri3,pink,10.0,0.275,fpr,0.0
libri1,libri3,pink,10.0,0.3,fpr,0.0
libri1,libri3,pink,10.0,0.325,fpr,0.0
libri1,libri3,pink,10.0,0.35,fpr,0.0
libri1,libri3,pink,10.0,0.375,fpr,0.0
libri1,libri3,pink,10.0,0.4,fpr,0.0
libri1,libri3,pink,10.0,0.425,fpr,0.0
libri1,libri3,pink,10.0,0.45,fpr,0.0
libri1,libri3,pink,10.0,0.475,fpr,0.0
libri1,libri3,pink,10.0,0.5,fpr,0.0
libri1,libri3,pink,10.0,0.525,fpr,0.0
libri1,libri3,pink,10.0,0.55,fpr,0.0
libri1,libri3,pink,15.0,0.2,fpr,0.0
libri1,libri3,pink,15.0,0.225,fpr,0.0
libri1,libri3,pink,15.0,0.25,fpr,0.0
libri1,libri3,pink,15.0,0.275,fpr,0.0
libri1,libri3,pink,15.0,0.3,fpr,0.0
libri1,libri3,pink,15.0,0.325,fpr,0.0
libri1,libri3,pink,15.0,0.35,fpr,0.0
libri1,libri3,pink,15.0,0.375,fpr,0.0
libri1,libri3,pink,15.0,0.4,fpr,0.0
libri1,libri3,pink,15.0,0.425,fpr,0.0
libri1,libri3,pink,15.0,0.45,fpr,0.0
libri1,libri3,pink,15.0,0.475,fpr,0.0
libri1,libri3,pink,15.0,0.5,fpr,0.0
libri1,libri3,pink,15.0,0.525,fpr,0.0
libri1,libri3,pink,15.0,0.55,fpr,0.0
libri1,libri3,pink,20.0,0.2,fpr,0.0
libri1,libri3,pink,20.0,0.225,fpr,0.0
libri1,libri3,pink,20.0,0.25,fpr,0.0
libri1,libri3,pink,20.0,0.275,fpr,0.0
libri1,libri3,pink,20.0,0.3,fpr,0.0
libri1,libri3,pink,20.0,0.325,fpr,0.0
libri1,libri3,pink,20.0,0.35,fpr,0.0
libri1,libri3,pink,20.0,0.375,fpr,0.0
libri1,libri3,pink,20.0,0.4,fpr,0.0
libri1,libri3,pink,20.0,0.425,fpr,0.0
libri1,libri3,pink,20.0,0.45,fpr,0.0
libri1,libri3,pink,20.0,0.475,fpr,0.0
libri1,libri3,pink,20.0,0.5,fpr,0.0
libri1,libri3,pink,20.0,0.525,fpr,0.0
libri1,libri3,pink,20.0,0.55,fpr,0.0
libri2,libri1,white,-5.0,0.2,fpr,0.0
libri2,libri1,white,-5.0,0.225,fpr,0.0
libri2,libri1,white,-5.0,0.25,fpr,0.0
libri2,libri1,white,-5.0,0.275,fpr,0.0
libri2,libri1,white,-5.0,0.3,fpr,0.0
libri2,libri1,white,-5.0,0.325,fpr,0.0
libri2,libri1,white,-5.0,0.35,fpr,0.0
libri2,libri1,white,-5.0,0.375,fpr,0.0
libri2,libri1,white,-5.0,0.4,fpr,0.0
libri2,libri1,white,-5.0,0.425,fpr,0.0
libri2,libri1,white,-5.0,0.45,fpr,0.0
libri2,libri1,white,-5.0,0.475,fpr,0.0
libri2,libri1,white,-5.0,0.5,fpr,0.0
libri2,libri1,white,-5.0,0.525,fpr,0.0
libri2,libri1,white,-5.0,0.55,fpr,0.0
libri2,libri1,white,0.0,0.2,fpr,0.2165
libri2,libri1,white,0.0,0.225,fpr,0.1472
libri2,libri1,white,0.0,0.25,fpr,0.0
libri2,libri1,white,0.0,0.275,fpr,0.0
libri2,libri1,white,0.0,0.3,fpr,0.0
libri2,libri1,white,0.0,0.325,fpr,0.0
libri2,libri1,white,0.0,0.35,fpr,0.0
libri2,libri1,white,0.0,0.375,fpr,0.0
libri2,libri1,white,0.0,0.4,fpr,0.0
libri2,libri1,white,0.0,0.425,fpr,0.0
libri2,libri1,white,0.0,0.45,fpr,0.0
libri2,libri1,white,0.0,0.475,fpr,0.0
libri2,libri1,white,0.0,0.5,fpr,0.0
libri2,libri1,white,0.0,0.525,fpr,0.0
libri2,libri1,white,0.0,0.55,fpr,0.0
libri2,libri1,white,5.0,0.2,fpr,0.1082
libri2,libri1,white,5.0,0.225,fpr,0.1082
libri2,libri1,white,5.0,0.25,fpr,0.0736
libri2,libri1,white,5.0,0.275,fpr,0.0
libri2,libri1,white,5.0,0.3,fpr,0.0
libri2,libri1,white,5.0,0.325,fpr,0.0
libri2,libri1,white,5.0,0.35,fpr,0.0
libri2,libri1,white,5.0,0.375,fpr,0.0
libri2,libri1,white,5.0,0.4,fpr,0.0
libri2,libri1,white,5.0,0.425,fpr,0.0
libri2,libri1,white,5.0,0.45,fpr,0.0
libri2,libri1,white,5.0,0.475,fpr,0.0
libri2,libri1,white,5.0,0.5,fpr,0.0
libri2,libri1,white,5.0,0.525,fpr,0.0
libri2,libri1,white,5.0,0.55,fpr,0.0
libri2,libri1,white,10.0,0.2,fpr,0.355
libri2,libri1,white,10.0,0.225,fpr,0.2814
libri2,libri1,white,10.0,0.25,fpr,0.1082
libri2,libri1,white,10.0,0.275,fpr,0.0
libri2,libri1,white,10.0,0.3,fpr,0.0
libri2,libri1,white,10.0,0.325,fpr,0.0
libri2,libri1,white,10.0,0.35,fpr,0.0
libri2,libri1,white,10.0,0.375,fpr,0.0
libri2,libri1,white,10.0,0.4,fpr,0.0
libri2,libri1,white,10.0,0.425,fpr,0.0
libri2,libri1,white,10.0,0.45,fpr,0.0
libri2,libri1,white,10.0,0.475,fpr,0.0
libri2,libri1,white,10.0,0.5,fpr,0.0
libri2,libri1,white,10.0,0.525,fpr,0.0
libri2,libri1,white,10.0,0.55,fpr,0.0
libri2,libri1,white,15.0,0.2,fpr,0.4416
libri2,libri1,white,15.0,0.225,fpr,0.2511
libri2,libri1,white,15.0,0.25,fpr,0.1775
libri2,libri1,white,15.0,0.275,fpr,0.1775
libri2,libri1,white,15.0,0.3,fpr,0.1775
libri2,libri1,white,15.0,0.325,fpr,0.0736
libri2,libri1,white,15.0,0.35,fpr,0.0736
libri2,libri1,white,15.0,0.375,fpr,0.0
libri2,libri1,white,15.0,0.4,fpr,0.0
libri2,libri1,white,15.0,0.425,fpr,0.0
libri2,libri1,white,15.0,0.45,fpr,0.0
libri2,libri1,white,15.0,0.475,fpr,0.0
libri2,libri1,white,15.0,0.5,fpr,0.0
libri2,libri1,white,15.0,0.525,fpr,0.0
libri2,libri1,white,15.0,0.55,fpr,0.0
libri2,libri1,white,20.0,0.2,fpr,0.3766
libri2,libri1,white,20.0,0.225,fpr,0.3203
libri2,libri1,white,20.0,0.25,fpr,0.1818
libri2,libri1,white,20.0,0.275,fpr,0.1082
libri2,libri1,white,20.0,0.3,fpr,0.0
libri2,libri1,white,20.0,0.325,fpr,0.0
libri2,libri1,white,20.0,0.35,fpr,0.0
libri2,libri1,white,20.0,0.375,fpr,0.0
libri2,libri1,white,20.0,0.4,fpr,0.0
libri2,libri1,white,20.0,0.425,fpr,0.0
libri2,libri1,white,20.0,0.45,fpr,0.0
libri2,libri1,white,20.0,0.475,fpr,0.0
libri2,libri1,white,20.0,0.5,fpr,0.0
libri2,libri1,white,20.0,0.525,fpr,0.0
libri2,libri1,white,20.0,0.55,fpr,0.0
libri2,libri1,pink,-5.0,0.2,fpr,0.1082
libri2,libri1,pink,-5.0,0.225,fpr,0.0
libri2,libri1,pink,-5.0,0.25,fpr,0.0
libri2,libri1,pink,-5.0,0.275,fpr,0.0
libri2,libri1,pink,-5.0,0.3,fpr,0.0
libri2,libri1,pink,-5.0,0.325,fpr,0.0
libri2,libri1,pink,-5.0,0.35,fpr,0.0
libri2,libri1,pink,-5.0,0.375,fpr,0.0
libri2,libri1,pink,-5.0,0.4,fpr,0.0
libri2,libri1,pink,-5.0,0.425,fpr,0.0
libri2,libri1,pink,-5.0,0.45,fpr,0.0
libri2,libri1,pink,-5.0,0.475,fpr,0.0
libri2,libri1,pink,-5.0,0.5,fpr,0.0
libri2,libri1,pink,-5.0,0.525,fpr,0.0
libri2,libri1,pink,-5.0,0.55,fpr,0.0
libri2,libri1,pink,0.0,0.2,fpr,0.1082
libri2,libri1,pink,0.0,0.225,fpr,0.0
libri2,libri1,pink,0.0,0.25,fpr,0.0
libri2,libri1,pink,0.0,0.275,fpr,0.0
libri2,libri1,pink,0.0,0.3,fpr,0.0
libri2,libri1,pink,0.0,0.325,fpr,0.0
libri2,libri1,pink,0.0,0.35,fpr,0.0
libri2,libri1,pink,0.0,0.375,fpr,0.0
libri2,libri1,pink,0.0,0.4,fpr,0.0
libri2,libri1,pink,0.0,0.425,fpr,0.0
libri2,libri1,pink,0.0,0.45,fpr,0.0
libri2,libri1,pink,0.0,0.475,fpr,0.0
libri2,libri1,pink,0.0,0.5,fpr,0.0
libri2,libri1,pink,0.0,0.525,fpr,0.0
libri2,libri1,pink,0.0,0.55,fpr,0.0
libri2,libri1,pink,5.0,0.2,fpr,0.2078
libri2,libri1,pink,5.0,0.225,fpr,0.1385
libri2,libri1,pink,5.0,0.25,fpr,0.1385
libri2,libri1,pink,5.0,0.275,fpr,0.0
libri2,libri1,pink,5.0,0.3,fpr,0.0
libri2,libri1,pink,5.0,0.325,fpr,0.0
libri2,libri1,pink,5.0,0.35,fpr,0.0
libri2,libri1,pink,5.0,0.375,fpr,0.0
libri2,libri1,pink,5.0,0.4,fpr,0.0
libri2,libri1,pink,5.0,0.425,fpr,0.0
libri2,libri1,pink,5.0,0.45,fpr,0.0
libri2,libri1,pink,5.0,0.475,fpr,0.0
libri2,libri1,pink,5.0,0.5,fpr,0.0
libri2,libri1,pink,5.0,0.525,fpr,0.0
libri2,libri1,pink,5.0,0.55,fpr,0.0
libri2,libri1,pink,10.0,0.2,fpr,0.3896
libri2,libri1,pink,10.0,0.225,fpr,0.29
libri2,libri1,pink,10.0,0.25,fpr,0.0736
libri2,libri1,pink,10.0,0.275,fpr,0.0
libri2,libri1,pink,10.0,0.3,fpr,0.0
libri2,libri1,pink,10.0,0.325,fpr,0.0
libri2,libri1,pink,10.0,0.35,fpr,0.0
libri2,libri1,pink,10.0,0.375,fpr,0.0
libri2,libri1,pink,10.0,0.4,fpr,0.0
libri2,libri1,pink,10.0,0.425,fpr,0.0
libri2,libri1,pink,10.0,0.45,fpr,0.0
libri2,libri1,pink,10.0,0.475,fpr,0.0
libri2,libri1,pink,10.0,0.5,fpr,0.0
libri2,libri1,pink,10.0,0.525,fpr,0.0
libri2,libri1,pink,10.0,0.55,fpr,0.0
libri2,libri1,pink,15.0,0.2,fpr,0.2208
libri2,libri1,pink,15.0,0.225,fpr,0.1472
libri2,libri1,pink,15.0,0.25,fpr,0.0736
libri2,libri1,pink,15.0,0.275,fpr,0.0
libri2,libri1,pink,15.0,0.3,fpr,0.0
libri2,libri1,pink,15.0,0.325,fpr,0.0
libri2,libri1,pink,15.0,0.35,fpr,0.0
libri2,libri1,pink,15.0,0.375,fpr,0.0
libri2,libri1,pink,15.0,0.4,fpr,0.0
libri2,libri1,pink,15.0,0.425,fpr,0.0
libri2,libri1,pink,15.0,0.45,fpr,0.0
libri2,libri1,pink,15.0,0.475,fpr,0.0
libri2,libri1,pink,15.0,0.5,fpr,0.0
libri2,libri1,pink,15.0,0.525,fpr,0.0
libri2,libri1,pink,15.0,0.55,fpr,0.0
libri2,libri1,pink,20.0,0.2,fpr,0.3766
libri2,libri1,pink,20.0,0.225,fpr,0.2338
libri2,libri1,pink,20.0,0.25,fpr,0.1082
libri2,libri1,pink,20.0,0.275,fpr,0.0
libri2,libri1,pink,20.0,0.3,fpr,0.0
libri2,libri1,pink,20.0,0.325,fpr,0.0
libri2,libri1,pink,20.0,0.35,fpr,0.0
libri2,libri1,pink,20.0,0.375,fpr,0.0
libri2,libri1,pink,20.0,0.4,fpr,0.0
libri2,libri1,pink,20.0,0.425,fpr,0.0
libri2,libri1,pink,20.0,0.45,fpr,0.0
libri2,libri1,pink,20.0,0.475,fpr,0.0
libri2,libri1,pink,20.0,0.5,fpr,0.0
libri2,libri1,pink,20.0,0.525,fpr,0.0
libri2,libri1,pink,20.0,0.55,fpr,0.0
libri2,libri2,white,-5.0,0.2,tpr,0.8812
libri2,libri2,white,-5.0,0.225,tpr,0.8812
libri2,libri2,white,-5.0,0.25,tpr,0.8812
libri2,libri2,white,-5.0,0.275,tpr,0.8812
libri2,libri2,white,-5.0,0.3,tpr,0.8812
libri2,libri2,white,-5.0,0.325,tpr,0.8812
libri2,libri2,white,-5.0,0.35,tpr,0.8812
libri2,libri2,white,-5.0,0.375,tpr,0.6935
libri2,libri2,white,-5.0,0.4,tpr,0.3487
libri2,libri2,white,-5.0,0.425,tpr,0.1609
libri2,libri2,white,-5.0,0.45,tpr,0.0651
libri2,libri2,white,-5.0,0.475,tpr,0.0
libri2,libri2,white,-5.0,0.5,tpr,0.0
libri2,libri2,white,-5.0,0.525,tpr,0.0
libri2,libri2,white,-5.0,0.55,tpr,0.0
libri2,libri2,white,0.0,0.2,tpr,0.8812
libri2,libri2,white,0.0,0.225,tpr,0.8812
libri2,libri2,white,0.0,0.25,tpr,0.8812
libri2,libri2,white,0.0,0.275,tpr,0.8812
libri2,libri2,white,0.0,0.3,tpr,0.8812
libri2,libri2,white,0.0,0.325,tpr,0.8812
libri2,libri2,white,0.0,0.35,tpr,0.8812
libri2,libri2,white,0.0,0.375,tpr,0.8812
libri2,libri2,white,0.0,0.4,tpr,0.8812
libri2,libri2,white,0.0,0.425,tpr,0.6782
libri2,libri2,white,0.0,0.45,tpr,0.5517
libri2,libri2,white,0.0,0.475,tpr,0.4713
libri2,libri2,white,0.0,0.5,tpr,0.1877
libri2,libri2,white,0.0,0.525,tpr,0.1264
libri2,libri2,white,0.0,0.55,tpr,0.0651
libri2,libri2,white,5.0,0.2,tpr,0.8812
libri2,libri2,white,5.0,0.225,tpr,0.8812
libri2,libri2,white,5.0,0.25,tpr,0.8812
libri2,libri2,white,5.0,0.275,tpr,0.8812
libri2,libri2,white,5.0,0.3,tpr,0.8812
libri2,libri2,white,5.0,0.325,tpr,0.8812
libri2,libri2,white,5.0,0.35,tpr,0.8812
libri2,libri2,white,5.0,0.375,tpr,0.8812
libri2,libri2,white,5.0,0.4,tpr,0.8812
libri2,libri2,white,5.0,0.425,tpr,0.8812
libri2,libri2,white,5.0,0.45,tpr,0.7663
libri2,libri2,white,5.0,0.475,tpr,0.6092
libri2,libri2,white,5.0,0.5,tpr,0.5479
libri2,libri2,white,5.0,0.525,tpr,0.3678
libri2,libri2,white,5.0,0.55,tpr,0.3372
libri2,libri2,white,10.0,0.2,tpr,0.8812
libri2,libri2,white,10.0,0.225,tpr,0.8812
libri2,libri2,white,10.0,0.25,tpr,0.8812
libri2,libri2,white,10.0,0.275,tpr,0.8812
libri2,libri2,white,10.0,0.3,tpr,0.8812
libri2,libri2,white,10.0,0.325,tpr,0.8812
libri2,libri2,white,10.0,0.35,tpr,0.8812
libri2,libri2,white,10.0,0.375,tpr,0.8812
libri2,libri2,white,10.0,0.4,tpr,0.8812
libri2,libri2,white,10.0,0.425,tpr,0.8812
libri2,libri2,white,10.0,0.45,tpr,0.8544
libri2,libri2,white,10.0,0.475,tpr,0.6743
libri2,libri2,white,10.0,0.5,tpr,0.6513
libri2,libri2,white,10.0,0.525,tpr,0.41
libri2,libri2,white,10.0,0.55,tpr,0.3448
libri2,libri2,white,15.0,0.2,tpr,0.8812
libri2,libri2,white,15.0,0.225,tpr,0.8812
libri2,libri2,white,15.0,0.25,tpr,0.8812
libri2,libri2,white,15.0,0.275,tpr,0.8812
libri2,libri2,white,15.0,0.3,tpr,0.8812
libri2,libri2,white,15.0,0.325,tpr,0.8812
libri2,libri2,white,15.0,0.35,tpr,0.8812
libri2,libri2,white,15.0,0.375,tpr,0.8812
libri2,libri2,white,15.0,0.4,tpr,0.8812
libri2,libri2,white,15.0,0.425,tpr,0.8812
libri2,libri2,white,15.0,0.45,tpr,0.8812
libri2,libri2,white,15.0,0.475,tpr,0.8812
libri2,libri2,white,15.0,0.5,tpr,0.8544
libri2,libri2,white,15.0,0.525,tpr,0.7663
libri2,libri2,white,15.0,0.55,tpr,0.5824
libri2,libri2,white,20.0,0.2,tpr,0.8812
libri2,libri2,white,20.0,0.225,tpr,0.8812
libri2,libri2,white,20.0,0.25,tpr,0.8812
libri2,libri2,white,20.0,0.275,tpr,0.8812
libri2,libri2,white,20.0,0.3,tpr,0.8812
libri2,libri2,white,20.0,0.325,tpr,0.8812
libri2,libri2,white,20.0,0.35,tpr,0.8812
libri2,libri2,white,20.0,0.375,tpr,0.8812
libri2,libri2,white,20.0,0.4,tpr,0.8812
libri2,libri2,white,20.0,0.425,tpr,0.8812
libri2,libri2,white,20.0,0.45,tpr,0.8812
libri2,libri2,white,20.0,0.475,tpr,0.8812
libri2,libri2,white,20.0,0.5,tpr,0.8812
libri2,libri2,white,20.0,0.525,tpr,0.8812
libri2,libri2,white,20.0,0.55,tpr,0.8276
libri2,libri2,pink,-5.0,0.2,tpr,0.8812
libri2,libri2,pink,-5.0,0.225,tpr,0.8812
libri2,libri2,pink,-5.0,0.25,tpr,0.8812
libri2,libri2,pink,-5.0,0.275,tpr,0.8621
libri2,libri2,pink,-5.0,0.3,tpr,0.8314
libri2,libri2,pink,-5.0,0.325,tpr,0.8314
libri2,libri2,pink,-5.0,0.35,tpr,0.8314
libri2,libri2,pink,-5.0,0.375,tpr,0.8314
libri2,libri2,pink,-5.0,0.4,tpr,0.8046
libri2,libri2,pink,-5.0,0.425,tpr,0.6284
libri2,libri2,pink,-5.0,0.45,tpr,0.318
libri2,libri2,pink,-5.0,0.475,tpr,0.0958
libri2,libri2,pink,-5.0,0.5,tpr,0.0
libri2,libri2,pink,-5.0,0.525,tpr,0.0
libri2,libri2,pink,-5.0,0.55,tpr,0.0
libri2,libri2,pink,0.0,0.2,tpr,0.8812
libri2,libri2,pink,0.0,0.225,tpr,0.8812
libri2,libri2,pink,0.0,0.25,tpr,0.8812
libri2,libri2,pink,0.0,0.275,tpr,0.8812
libri2,libri2,pink,0.0,0.3,tpr,0.8812
libri2,libri2,pink,0.0,0.325,tpr,0.8812
libri2,libri2,pink,0.0,0.35,tpr,0.8812
libri2,libri2,pink,0.0,0.375,tpr,0.8544
libri2,libri2,pink,0.0,0.4,tpr,0.7625
libri2,libri2,pink,0.0,0.425,tpr,0.7625
libri2,libri2,pink,0.0,0.45,tpr,0.6743
libri2,libri2,pink,0.0,0.475,tpr,0.4981
libri2,libri2,pink,0.0,0.5,tpr,0.341
libri2,libri2,pink,0.0,0.525,tpr,0.0881
libri2,libri2,pink,0.0,0.55,tpr,0.0881
libri2,libri2,pink,5.0,0.2,tpr,0.8812
libri2,libri2,pink,5.0,0.225,tpr,0.8812
libri2,libri2,pink,5.0,0.25,tpr,0.8812
libri2,libri2,pink,5.0,0.275,tpr,0.8812
libri2,libri2,pink,5.0,0.3,tpr,0.8812
libri2,libri2,pink,5.0,0.325,tpr,0.8812
libri2,libri2,pink,5.0,0.35,tpr,0.8812
libri2,libri2,pink,5.0,0.375,tpr,0.8812
libri2,libri2,pink,5.0,0.4,tpr,0.8812
libri2,libri2,pink,5.0,0.425,tpr,0.8812
libri2,libri2,pink,5.0,0.45,tpr,0.8812
libri2,libri2,pink,5.0,0.475,tpr,0.7969
libri2,libri2,pink,5.0,0.5,tpr,0.7395
libri2,libri2,pink,5.0,0.525,tpr,0.5862
libri2,libri2,pink,5.0,0.55,tpr,0.4904
libri2,libri2,pink,10.0,0.2,tpr,0.8812
libri2,libri2,pink,10.0,0.225,tpr,0.8812
libri2,libri2,pink,10.0,0.25,tpr,0.8812
libri2,libri2,pink,10.0,0.275,tpr,0.8812
libri2,libri2,pink,10.0,0.3,tpr,0.8812
libri2,libri2,pink,10.0,0.325,tpr,0.8812
libri2,libri2,pink,10.0,0.35,tpr,0.8812
libri2,libri2,pink,10.0,0.375,tpr,0.8812
libri2,libri2,pink,10.0,0.4,tpr,0.8812
libri2,libri2,pink,10.0,0.425,tpr,0.8812
libri2,libri2,pink,10.0,0.45,tpr,0.8812
libri2,libri2,pink,10.0,0.475,tpr,0.8812
libri2,libri2,pink,10.0,0.5,tpr,0.8276
libri2,libri2,pink,10.0,0.525,tpr,0.8008
libri2,libri2,pink,10.0,0.55,tpr,0.682
libri2,libri2,pink,15.0,0.2,tpr,0.8812
libri2,libri2,pink,15.0,0.225,tpr,0.8812
libri2,libri2,pink,15.0,0.25,tpr,0.8812
libri2,libri2,pink,15.0,0.275,tpr,0.8812
libri2,libri2,pink,15.0,0.3,tpr,0.8812
libri2,libri2,pink,15.0,0.325,tpr,0.8812
libri2,libri2,pink,15.0,0.35,tpr,0.8812
libri2,libri2,pink,15.0,0.375,tpr,0.8812
libri2,libri2,pink,15.0,0.4,tpr,0.8812
libri2,libri2,pink,15.0,0.425,tpr,0.8812
libri2,libri2,pink,15.0,0.45,tpr,0.8812
libri2,libri2,pink,15.0,0.475,tpr,0.8812
libri2,libri2,pink,15.0,0.5,tpr,0.8812
libri2,libri2,pink,15.0,0.525,tpr,0.8544
libri2,libri2,pink,15.0,0.55,tpr,0.7663
libri2,libri2,pink,20.0,0.2,tpr,0.8812
libri2,libri2,pink,20.0,0.225,tpr,0.8812
libri2,libri2,pink,20.0,0.25,tpr,0.8812
libri2,libri2,pink,20.0,0.275,tpr,0.8812
libri2,libri2,pink,20.0,0.3,tpr,0.8812
libri2,libri2,pink,20.0,0.325,tpr,0.8812
libri2,libri2,pink,20.0,0.35,tpr,0.8812
libri2,libri2,pink,20.0,0.375,tpr,0.8812
libri2,libri2,pink,20.0,0.4,tpr,0.8812
libri2,libri2,pink,20.0,0.425,tpr,0.8812
libri2,libri2,pink,20.0,0.45,tpr,0.8812
libri2,libri2,pink,20.0,0.475,tpr,0.8812
libri2,libri2,pink,20.0,0.5,tpr,0.8812
libri2,libri2,pink,20.0,0.525,tpr,0.8544
libri2,libri2,pink,20.0,0.55,tpr,0.8544
libri2,libri3,white,-5.0,0.2,fpr,0.553
libri2,libri3,white,-5.0,0.225,fpr,0.447
libri2,libri3,white,-5.0,0.25,fpr,0.3733
libri2,libri3,white,-5.0,0.275,fpr,0.0783
libri2,libri3,white,-5.0,0.3,fpr,0.0
libri2,libri3,white,-5.0,0.325,fpr,0.0
libri2,libri3,white,-5.0,0.35,fpr,0.0
libri2,libri3,white,-5.0,0.375,fpr,0.0
libri2,libri3,white,-5.0,0.4,fpr,0.0
libri2,libri3,white,-5.0,0.425,fpr,0.0
libri2,libri3,white,-5.0,0.45,fpr,0.0
libri2,libri3,white,-5.0,0.475,fpr,0.0
libri2,libri3,white,-5.0,0.5,fpr,0.0
libri2,libri3,white,-5.0,0.525,fpr,0.0
libri2,libri3,white,-5.0,0.55,fpr,0.0
libri2,libri3,white,0.0,0.2,fpr,0.788
libri2,libri3,white,0.0,0.225,fpr,0.7512
libri2,libri3,white,0.0,0.25,fpr,0.6498
libri2,libri3,white,0.0,0.275,fpr,0.3548
libri2,libri3,white,0.0,0.3,fpr,0.1982
libri2,libri3,white,0.0,0.325,fpr,0.1613
libri2,libri3,white,0.0,0.35,fpr,0.1567
libri2,libri3,white,0.0,0.375,fpr,0.0
libri2,libri3,white,0.0,0.4,fpr,0.0
libri2,libri3,white,0.0,0.425,fpr,0.0
libri2,libri3,white,0.0,0.45,fpr,0.0
libri2,libri3,white,0.0,0.475,fpr,0.0
libri2,libri3,white,0.0,0.5,fpr,0.0
libri2,libri3,white,0.0,0.525,fpr,0.0
libri2,libri3,white,0.0,0.55,fpr,0.0
libri2,libri3,white,5.0,0.2,fpr,0.7189
libri2,libri3,white,5.0,0.225,fpr,0.682
libri2,libri3,white,5.0,0.25,fpr,0.3134
libri2,libri3,white,5.0,0.275,fpr,0.2396
libri2,libri3,white,5.0,0.3,fpr,0.1613
libri2,libri3,white,5.0,0.325,fpr,0.0829
libri2,libri3,white,5.0,0.35,fpr,0.0461
libri2,libri3,white,5.0,0.375,fpr,0.0
libri2,libri3,white,5.0,0.4,fpr,0.0
libri2,libri3,white,5.0,0.425,fpr,0.0
libri2,libri3,white,5.0,0.45,fpr,0.0
libri2,libri3,white,5.0,0.475,fpr,0.0
libri2,libri3,white,5.0,0.5,fpr,0.0
libri2,libri3,white,5.0,0.525,fpr,0.0
libri2,libri3,white,5.0,0.55,fpr,0.0
libri2,libri3,white,10.0,0.2,fpr,0.8203
libri2,libri3,white,10.0,0.225,fpr,0.8203
libri2,libri3,white,10.0,0.25,fpr,0.788
libri2,libri3,white,10.0,0.275,fpr,0.4608
libri2,libri3,white,10.0,0.3,fpr,0.424
libri2,libri3,white,10.0,0.325,fpr,0.235
libri2,libri3,white,10.0,0.35,fpr,0.1982
libri2,libri3,white,10.0,0.375,fpr,0.1244
libri2,libri3,white,10.0,0.4,fpr,0.0783
libri2,libri3,white,10.0,0.425,fpr,0.0
libri2,libri3,white,10.0,0.45,fpr,0.0
libri2,libri3,white,10.0,0.475,fpr,0.0
libri2,libri3,white,10.0,0.5,fpr,0.0
libri2,libri3,white,10.0,0.525,fpr,0.0
libri2,libri3,white,10.0,0.55,fpr,0.0
libri2,libri3,white,15.0,0.2,fpr,0.8249
libri2,libri3,white,15.0,0.225,fpr,0.7512
libri2,libri3,white,15.0,0.25,fpr,0.5668
libri2,libri3,white,15.0,0.275,fpr,0.53
libri2,libri3,white,15.0,0.3,fpr,0.3088
libri2,libri3,white,15.0,0.325,fpr,0.3088
libri2,libri3,white,15.0,0.35,fpr,0.1982
libri2,libri3,white,15.0,0.375,fpr,0.0783
libri2,libri3,white,15.0,0.4,fpr,0.0
libri2,libri3,white,15.0,0.425,fpr,0.0
libri2,libri3,white,15.0,0.45,fpr,0.0
libri2,libri3,white,15.0,0.475,fpr,0.0
libri2,libri3,white,15.0,0.5,fpr,0.0
libri2,libri3,white,15.0,0.525,fpr,0.0
libri2,libri3,white,15.0,0.55,fpr,0.0
libri2,libri3,white,20.0,0.2,fpr,0.788
libri2,libri3,white,20.0,0.225,fpr,0.7189
libri2,libri3,white,20.0,0.25,fpr,0.7189
libri2,libri3,white,20.0,0.275,fpr,0.5346
libri2,libri3,white,20.0,0.3,fpr,0.3456
libri2,libri3,white,20.0,0.325,fpr,0.2673
libri2,libri3,white,20.0,0.35,fpr,0.0783
libri2,libri3,white,20.0,0.375,fpr,0.0
libri2,libri3,white,20.0,0.4,fpr,0.0
libri2,libri3,white,20.0,0.425,fpr,0.0
libri2,libri3,white,20.0,0.45,fpr,0.0
libri2,libri3,white,20.0,0.475,fpr,0.0
libri2,libri3,white,20.0,0.5,fpr,0.0
libri2,libri3,white,20.0,0.525,fpr,0.0
libri2,libri3,white,20.0,0.55,fpr,0.0
libri2,libri3,pink,-5.0,0.2,fpr,0.682
libri2,libri3,pink,-5.0,0.225,fpr,0.6452
libri2,libri3,pink,-5.0,0.25,fpr,0.1982
libri2,libri3,pink,-5.0,0.275,fpr,0.1982
libri2,libri3,pink,-5.0,0.3,fpr,0.0461
libri2,libri3,pink,-5.0,0.325,fpr,0.0
libri2,libri3,pink,-5.0,0.35,fpr,0.0
libri2,libri3,pink,-5.0,0.375,fpr,0.0
libri2,libri3,pink,-5.0,0.4,fpr,0.0
libri2,libri3,pink,-5.0,0.425,fpr,0.0
libri2,libri3,pink,-5.0,0.45,fpr,0.0
libri2,libri3,pink,-5.0,0.475,fpr,0.0
libri2,libri3,pink,-5.0,0.5,fpr,0.0
libri2,libri3,pink,-5.0,0.525,fpr,0.0
libri2,libri3,pink,-5.0,0.55,fpr,0.0
libri2,libri3,pink,0.0,0.2,fpr,0.8203
libri2,libri3,pink,0.0,0.225,fpr,0.8203
libri2,libri3,pink,0.0,0.25,fpr,0.4194
libri2,libri3,pink,0.0,0.275,fpr,0.3825
libri2,libri3,pink,0.0,0.3,fpr,0.2304
libri2,libri3,pink,0.0,0.325,fpr,0.2304
libri2,libri3,pink,0.0,0.35,fpr,0.0783
libri2,libri3,pink,0.0,0.375,fpr,0.0783
libri2,libri3,pink,0.0,0.4,fpr,0.0
libri2,libri3,pink,0.0,0.425,fpr,0.0
libri2,libri3,pink,0.0,0.45,fpr,0.0
libri2,libri3,pink,0.0,0.475,fpr,0.0
libri2,libri3,pink,0.0,0.5,fpr,0.0
libri2,libri3,pink,0.0,0.525,fpr,0.0
libri2,libri3,pink,0.0,0.55,fpr,0.0
libri2,libri3,pink,5.0,0.2,fpr,0.5253
libri2,libri3,pink,5.0,0.225,fpr,0.4562
libri2,libri3,pink,5.0,0.25,fpr,0.424
libri2,libri3,pink,5.0,0.275,fpr,0.3456
libri2,libri3,pink,5.0,0.3,fpr,0.235
libri2,libri3,pink,5.0,0.325,fpr,0.1982
libri2,libri3,pink,5.0,0.35,fpr,0.0461
libri2,libri3,pink,5.0,0.375,fpr,0.0
libri2,libri3,pink,5.0,0.4,fpr,0.0
libri2,libri3,pink,5.0,0.425,fpr,0.0
libri2,libri3,pink,5.0,0.45,fpr,0.0
libri2,libri3,pink,5.0,0.475,fpr,0.0
libri2,libri3,pink,5.0,0.5,fpr,0.0
libri2,libri3,pink,5.0,0.525,fpr,0.0
libri2,libri3,pink,5.0,0.55,fpr,0.0
libri2,libri3,pink,10.0,0.2,fpr,0.6406
libri2,libri3,pink,10.0,0.225,fpr,0.5668
libri2,libri3,pink,10.0,0.25,fpr,0.4562
libri2,libri3,pink,10.0,0.275,fpr,0.3456
libri2,libri3,pink,10.0,0.3,fpr,0.235
libri2,libri3,pink,10.0,0.325,fpr,0.235
libri2,libri3,pink,10.0,0.35,fpr,0.1244
libri2,libri3,pink,10.0,0.375,fpr,0.0
libri2,libri3,pink,10.0,0.4,fpr,0.0
libri2,libri3,pink,10.0,0.425,fpr,0.0
libri2,libri3,pink,10.0,0.45,fpr,0.0
libri2,libri3,pink,10.0,0.475,fpr,0.0
libri2,libri3,pink,10.0,0.5,fpr,0.0
libri2,libri3,pink,10.0,0.525,fpr,0.0
libri2,libri3,pink,10.0,0.55,fpr,0.0
libri2,libri3,pink,15.0,0.2,fpr,0.788
libri2,libri3,pink,15.0,0.225,fpr,0.7189
libri2,libri3,pink,15.0,0.25,fpr,0.4194
libri2,libri3,pink,15.0,0.275,fpr,0.3088
libri2,libri3,pink,15.0,0.3,fpr,0.235
libri2,libri3,pink,15.0,0.325,fpr,0.1982
libri2,libri3,pink,15.0,0.35,fpr,0.0461
libri2,libri3,pink,15.0,0.375,fpr,0.0
libri2,libri3,pink,15.0,0.4,fpr,0.0
libri2,libri3,pink,15.0,0.425,fpr,0.0
libri2,libri3,pink,15.0,0.45,fpr,0.0
libri2,libri3,pink,15.0,0.475,fpr,0.0
libri2,libri3,pink,15.0,0.5,fpr,0.0
libri2,libri3,pink,15.0,0.525,fpr,0.0
libri2,libri3,pink,15.0,0.55,fpr,0.0
libri2,libri3,pink,20.0,0.2,fpr,0.788
libri2,libri3,pink,20.0,0.225,fpr,0.7143
libri2,libri3,pink,20.0,0.25,fpr,0.4608
libri2,libri3,pink,20.0,0.275,fpr,0.235
libri2,libri3,pink,20.0,0.3,fpr,0.0783
libri2,libri3,pink,20.0,0.325,fpr,0.0783
libri2,libri3,pink,20.0,0.35,fpr,0.0
libri2,libri3,pink,20.0,0.375,fpr,0.0
libri2,libri3,pink,20.0,0.4,fpr,0.0
libri2,libri3,pink,20.0,0.425,fpr,0.0
libri2,libri3,pink,20.0,0.45,fpr,0.0
libri2,libri3,pink,20.0,0.475,fpr,0.0
libri2,libri3,pink,20.0,0.5,fpr,0.0
libri2,libri3,pink,20.0,0.525,fpr,0.0
libri2,libri3,pink,20.0,0.55,fpr,0.0
libri3,libri1,white,-5.0,0.2,fpr,0.0736
libri3,libri1,white,-5.0,0.225,fpr,0.0
libri3,libri1,white,-5.0,0.25,fpr,0.0
libri3,libri1,white,-5.0,0.275,fpr,0.0
libri3,libri1,white,-5.0,0.3,fpr,0.0
libri3,libri1,white,-5.0,0.325,fpr,0.0
libri3,libri1,white,-5.0,0.35,fpr,0.0
libri3,libri1,white,-5.0,0.375,fpr,0.0
libri3,libri1,white,-5.0,0.4,fpr,0.0
libri3,libri1,white,-5.0,0.425,fpr,0.0
libri3,libri1,white,-5.0,0.45,fpr,0.0
libri3,libri1,white,-5.0,0.475,fpr,0.0
libri3,libri1,white,-5.0,0.5,fpr,0.0
libri3,libri1,white,-5.0,0.525,fpr,0.0
libri3,libri1,white,-5.0,0.55,fpr,0.0
libri3,libri1,white,0.0,0.2,fpr,0.0
libri3,libri1,white,0.0,0.225,fpr,0.0
libri3,libri1,white,0.0,0.25,fpr,0.0
libri3,libri1,white,0.0,0.275,fpr,0.0
libri3,libri1,white,0.0,0.3,fpr,0.0
libri3,libri1,white,0.0,0.325,fpr,0.0
libri3,libri1,white,0.0,0.35,fpr,0.0
libri3,libri1,white,0.0,0.375,fpr,0.0
libri3,libri1,white,0.0,0.4,fpr,0.0
libri3,libri1,white,0.0,0.425,fpr,0.0
libri3,libri1,white,0.0,0.45,fpr,0.0
libri3,libri1,white,0.0,0.475,fpr,0.0
libri3,libri1,white,0.0,0.5,fpr,0.0
libri3,libri1,white,0.0,0.525,fpr,0.0
libri3,libri1,white,0.0,0.55,fpr,0.0
libri3,libri1,white,5.0,0.2,fpr,0.2165
libri3,libri1,white,5.0,0.225,fpr,0.0736
libri3,libri1,white,5.0,0.25,fpr,0.0
libri3,libri1,white,5.0,0.275,fpr,0.0
libri3,libri1,white,5.0,0.3,fpr,0.0
libri3,libri1,white,5.0,0.325,fpr,0.0
libri3,libri1,white,5.0,0.35,fpr,0.0
libri3,libri1,white,5.0,0.375,fpr,0.0
libri3,libri1,white,5.0,0.4,fpr,0.0
libri3,libri1,white,5.0,0.425,fpr,0.0
libri3,libri1,white,5.0,0.45,fpr,0.0
libri3,libri1,white,5.0,0.475,fpr,0.0
libri3,libri1,white,5.0,0.5,fpr,0.0
libri3,libri1,white,5.0,0.525,fpr,0.0
libri3,libri1,white,5.0,0.55,fpr,0.0
libri3,libri1,white,10.0,0.2,fpr,0.1775
libri3,libri1,white,10.0,0.225,fpr,0.0
libri3,libri1,white,10.0,0.25,fpr,0.0
libri3,libri1,white,10.0,0.275,fpr,0.0
libri3,libri1,white,10.0,0.3,fpr,0.0
libri3,libri1,white,10.0,0.325,fpr,0.0
libri3,libri1,white,10.0,0.35,fpr,0.0
libri3,libri1,white,10.0,0.375,fpr,0.0
libri3,libri1,white,10.0,0.4,fpr,0.0
libri3,libri1,white,10.0,0.425,fpr,0.0
libri3,libri1,white,10.0,0.45,fpr,0.0
libri3,libri1,white,10.0,0.475,fpr,0.0
libri3,libri1,white,10.0,0.5,fpr,0.0
libri3,libri1,white,10.0,0.525,fpr,0.0
libri3,libri1,white,10.0,0.55,fpr,0.0
libri3,libri1,white,15.0,0.2,fpr,0.0
libri3,libri1,white,15.0,0.225,fpr,0.0
libri3,libri1,white,15.0,0.25,fpr,0.0
libri3,libri1,white,15.0,0.275,fpr,0.0
libri3,libri1,white,15.0,0.3,fpr,0.0
libri3,libri1,white,15.0,0.325,fpr,0.0
libri3,libri1,white,15.0,0.35,fpr,0.0
libri3,libri1,white,15.0,0.375,fpr,0.0
libri3,libri1,white,15.0,0.4,fpr,0.0
libri3,libri1,white,15.0,0.425,fpr,0.0
libri3,libri1,white,15.0,0.45,fpr,0.0
libri3,libri1,white,15.0,0.475,fpr,0.0
libri3,libri1,white,15.0,0.5,fpr,0.0
libri3,libri1,white,15.0,0.525,fpr,0.0
libri3,libri1,white,15.0,0.55,fpr,0.0
libri3,libri1,white,20.0,0.2,fpr,0.0736
libri3,libri1,white,20.0,0.225,fpr,0.0
libri3,libri1,white,20.0,0.25,fpr,0.0
libri3,libri1,white,20.0,0.275,fpr,0.0
libri3,libri1,white,20.0,0.3,fpr,0.0
libri3,libri1,white,20.0,0.325,fpr,0.0
libri3,libri1,white,20.0,0.35,fpr,0.0
libri3,libri1,white,20.0,0.375,fpr,0.0
libri3,libri1,white,20.0,0.4,fpr,0.0
libri3,libri1,white,20.0,0.425,fpr,0.0
libri3,libri1,white,20.0,0.45,fpr,0.0
libri3,libri1,white,20.0,0.475,fpr,0.0
libri3,libri1,white,20.0,0.5,fpr,0.0
libri3,libri1,white,20.0,0.525,fpr,0.0
libri3,libri1,white,20.0,0.55,fpr,0.0
libri3,libri1,pink,-5.0,0.2,fpr,0.0
libri3,libri1,pink,-5.0,0.225,fpr,0.0
libri3,libri1,pink,-5.0,0.25,fpr,0.0
libri3,libri1,pink,-5.0,0.275,fpr,0.0
libri3,libri1,pink,-5.0,0.3,fpr,0.0
libri3,libri1,pink,-5.0,0.325,fpr,0.0
libri3,libri1,pink,-5.0,0.35,fpr,0.0
libri3,libri1,pink,-5.0,0.375,fpr,0.0
libri3,libri1,pink,-5.0,0.4,fpr,0.0
libri3,libri1,pink,-5.0,0.425,fpr,0.0
libri3,libri1,pink,-5.0,0.45,fpr,0.0
libri3,libri1,pink,-5.0,0.475,fpr,0.0
libri3,libri1,pink,-5.0,0.5,fpr,0.0
libri3,libri1,pink,-5.0,0.525,fpr,0.0
libri3,libri1,pink,-5.0,0.55,fpr,0.0
libri3,libri1,pink,0.0,0.2,fpr,0.0736
libri3,libri1,pink,0.0,0.225,fpr,0.0
libri3,libri1,pink,0.0,0.25,fpr,0.0
libri3,libri1,pink,0.0,0.275,fpr,0.0
libri3,libri1,pink,0.0,0.3,fpr,0.0
libri3,libri1,pink,0.0,0.325,fpr,0.0
libri3,libri1,pink,0.0,0.35,fpr,0.0
libri3,libri1,pink,0.0,0.375,fpr,0.0
libri3,libri1,pink,0.0,0.4,fpr,0.0
libri3,libri1,pink,0.0,0.425,fpr,0.0
libri3,libri1,pink,0.0,0.45,fpr,0.0
libri3,libri1,pink,0.0,0.475,fpr,0.0
libri3,libri1,pink,0.0,0.5,fpr,0.0
libri3,libri1,pink,0.0,0.525,fpr,0.0
libri3,libri1,pink,0.0,0.55,fpr,0.0
libri3,libri1,pink,5.0,0.2,fpr,0.0
libri3,libri1,pink,5.0,0.225,fpr,0.0
libri3,libri1,pink,5.0,0.25,fpr,0.0
libri3,libri1,pink,5.0,0.275,fpr,0.0
libri3,libri1,pink,5.0,0.3,fpr,0.0
libri3,libri1,pink,5.0,0.325,fpr,0.0
libri3,libri1,pink,5.0,0.35,fpr,0.0
libri3,libri1,pink,5.0,0.375,fpr,0.0
libri3,libri1,pink,5.0,0.4,fpr,0.0
libri3,libri1,pink,5.0,0.425,fpr,0.0
libri3,libri1,pink,5.0,0.45,fpr,0.0
libri3,libri1,pink,5.0,0.475,fpr,0.0
libri3,libri1,pink,5.0,0.5,fpr,0.0
libri3,libri1,pink,5.0,0.525,fpr,0.0
libri3,libri1,pink,5.0,0.55,fpr,0.0
libri3,libri1,pink,10.0,0.2,fpr,0.0
libri3,libri1,pink,10.0,0.225,fpr,0.0
libri3,libri1,pink,10.0,0.25,fpr,0.0
libri3,libri1,pink,10.0,0.275,fpr,0.0
libri3,libri1,pink,10.0,0.3,fpr,0.0
libri3,libri1,pink,10.0,0.325,fpr,0.0
libri3,libri1,pink,10.0,0.35,fpr,0.0
libri3,libri1,pink,10.0,0.375,fpr,0.0
libri3,libri1,pink,10.0,0.4,fpr,0.0
libri3,libri1,pink,10.0,0.425,fpr,0.0
libri3,libri1,pink,10.0,0.45,fpr,0.0
libri3,libri1,pink,10.0,0.475,fpr,0.0
libri3,libri1,pink,10.0,0.5,fpr,0.0
libri3,libri1,pink,10.0,0.525,fpr,0.0
libri3,libri1,pink,10.0,0.55,fpr,0.0
libri3,libri1,pink,15.0,0.2,fpr,0.0
libri3,libri1,pink,15.0,0.225,fpr,0.0
libri3,libri1,pink,15.0,0.25,fpr,0.0
libri3,libri1,pink,15.0,0.275,fpr,0.0
libri3,libri1,pink,15.0,0.3,fpr,0.0
libri3,libri1,pink,15.0,0.325,fpr,0.0
libri3,libri1,pink,15.0,0.35,fpr,0.0
libri3,libri1,pink,15.0,0.375,fpr,0.0
libri3,libri1,pink,15.0,0.4,fpr,0.0
libri3,libri1,pink,15.0,0.425,fpr,0.0
libri3,libri1,pink,15.0,0.45,fpr,0.0
libri3,libri1,pink,15.0,0.475,fpr,0.0
libri3,libri1,pink,15.0,0.5,fpr,0.0
libri3,libri1,pink,15.0,0.525,fpr,0.0
libri3,libri1,pink,15.0,0.55,fpr,0.0
libri3,libri1,pink,20.0,0.2,fpr,0.0
libri3,libri1,pink,20.0,0.225,fpr,0.0
libri3,libri1,pink,20.0,0.25,fpr,0.0
libri3,libri1,pink,20.0,0.275,fpr,0.0
libri3,libri1,pink,20.0,0.3,fpr,0.0
libri3,libri1,pink,20.0,0.325,fpr,0.0
libri3,libri1,pink,20.0,0.35,fpr,0.0
libri3,libri1,pink,20.0,0.375,fpr,0.0
libri3,libri1,pink,20.0,0.4,fpr,0.0
libri3,libri1,pink,20.0,0.425,fpr,0.0
libri3,libri1,pink,20.0,0.45,fpr,0.0
libri3,libri1,pink,20.0,0.475,fpr,0.0
libri3,libri1,pink,20.0,0.5,fpr,0.0
libri3,libri1,pink,20.0,0.525,fpr,0.0
libri3,libri1,pink,20.0,0.55,fpr,0.0
libri3,libri2,white,-5.0,0.2,fpr,0.0
libri3,libri2,white,-5.0,0.225,fpr,0.0
libri3,libri2,white,-5.0,0.25,fpr,0.0
libri3,libri2,white,-5.0,0.275,fpr,0.0
libri3,libri2,white,-5.0,0.3,fpr,0.0
libri3,libri2,white,-5.0,0.325,fpr,0.0
libri3,libri2,white,-5.0,0.35,fpr,0.0
libri3,libri2,white,-5.0,0.375,fpr,0.0
libri3,libri2,white,-5.0,0.4,fpr,0.0
libri3,libri2,white,-5.0,0.425,fpr,0.0
libri3,libri2,white,-5.0,0.45,fpr,0.0
libri3,libri2,white,-5.0,0.475,fpr,0.0
libri3,libri2,white,-5.0,0.5,fpr,0.0
libri3,libri2,white,-5.0,0.525,fpr,0.0
libri3,libri2,white,-5.0,0.55,fpr,0.0
libri3,libri2,white,0.0,0.2,fpr,0.0958
libri3,libri2,white,0.0,0.225,fpr,0.0651
libri3,libri2,white,0.0,0.25,fpr,0.0
libri3,libri2,white,0.0,0.275,fpr,0.0
libri3,libri2,white,0.0,0.3,fpr,0.0
libri3,libri2,white,0.0,0.325,fpr,0.0
libri3,libri2,white,0.0,0.35,fpr,0.0
libri3,libri2,white,0.0,0.375,fpr,0.0
libri3,libri2,white,0.0,0.4,fpr,0.0
libri3,libri2,white,0.0,0.425,fpr,0.0
libri3,libri2,white,0.0,0.45,fpr,0.0
libri3,libri2,white,0.0,0.475,fpr,0.0
libri3,libri2,white,0.0,0.5,fpr,0.0
libri3,libri2,white,0.0,0.525,fpr,0.0
libri3,libri2,white,0.0,0.55,fpr,0.0
libri3,libri2,white,5.0,0.2,fpr,0.1839
libri3,libri2,white,5.0,0.225,fpr,0.1188
libri3,libri2,white,5.0,0.25,fpr,0.0
libri3,libri2,white,5.0,0.275,fpr,0.0
libri3,libri2,white,5.0,0.3,fpr,0.0
libri3,libri2,white,5.0,0.325,fpr,0.0
libri3,libri2,white,5.0,0.35,fpr,0.0
libri3,libri2,white,5.0,0.375,fpr,0.0
libri3,libri2,white,5.0,0.4,fpr,0.0
libri3,libri2,white,5.0,0.425,fpr,0.0
libri3,libri2,white,5.0,0.45,fpr,0.0
libri3,libri2,white,5.0,0.475,fpr,0.0
libri3,libri2,white,5.0,0.5,fpr,0.0
libri3,libri2,white,5.0,0.525,fpr,0.0
libri3,libri2,white,5.0,0.55,fpr,0.0
libri3,libri2,white,10.0,0.2,fpr,0.0
libri3,libri2,white,10.0,0.225,fpr,0.0
libri3,libri2,white,10.0,0.25,fpr,0.0
libri3,libri2,white,10.0,0.275,fpr,0.0
libri3,libri2,white,10.0,0.3,fpr,0.0
libri3,libri2,white,10.0,0.325,fpr,0.0
libri3,libri2,white,10.0,0.35,fpr,0.0
libri3,libri2,white,10.0,0.375,fpr,0.0
libri3,libri2,white,10.0,0.4,fpr,0.0
libri3,libri2,white,10.0,0.425,fpr,0.0
libri3,libri2,white,10.0,0.45,fpr,0.0
libri3,libri2,white,10.0,0.475,fpr,0.0
libri3,libri2,white,10.0,0.5,fpr,0.0
libri3,libri2,white,10.0,0.525,fpr,0.0
libri3,libri2,white,10.0,0.55,fpr,0.0
libri3,libri2,white,15.0,0.2,fpr,0.0
libri3,libri2,white,15.0,0.225,fpr,0.0
libri3,libri2,white,15.0,0.25,fpr,0.0
libri3,libri2,white,15.0,0.275,fpr,0.0
libri3,libri2,white,15.0,0.3,fpr,0.0
libri3,libri2,white,15.0,0.325,fpr,0.0
libri3,libri2,white,15.0,0.35,fpr,0.0
libri3,libri2,white,15.0,0.375,fpr,0.0
libri3,libri2,white,15.0,0.4,fpr,0.0
libri3,libri2,white,15.0,0.425,fpr,0.0
libri3,libri2,white,15.0,0.45,fpr,0.0
libri3,libri2,white,15.0,0.475,fpr,0.0
libri3,libri2,white,15.0,0.5,fpr,0.0
libri3,libri2,white,15.0,0.525,fpr,0.0
libri3,libri2,white,15.0,0.55,fpr,0.0
libri3,libri2,white,20.0,0.2,fpr,0.0
libri3,libri2,white,20.0,0.225,fpr,0.0
libri3,libri2,white,20.0,0.25,fpr,0.0
libri3,libri2,white,20.0,0.275,fpr,0.0
libri3,libri2,white,20.0,0.3,fpr,0.0
libri3,libri2,white,20.0,0.325,fpr,0.0
libri3,libri2,white,20.0,0.35,fpr,0.0
libri3,libri2,white,20.0,0.375,fpr,0.0
libri3,libri2,white,20.0,0.4,fpr,0.0
libri3,libri2,white,20.0,0.425,fpr,0.0
libri3,libri2,white,20.0,0.45,fpr,0.0
libri3,libri2,white,20.0,0.475,fpr,0.0
libri3,libri2,white,20.0,0.5,fpr,0.0
libri3,libri2,white,20.0,0.525,fpr,0.0
libri3,libri2,white,20.0,0.55,fpr,0.0
libri3,libri2,pink,-5.0,0.2,fpr,0.0
libri3,libri2,pink,-5.0,0.225,fpr,0.0
libri3,libri2,pink,-5.0,0.25,fpr,0.0
libri3,libri2,pink,-5.0,0.275,fpr,0.0
libri3,libri2,pink,-5.0,0.3,fpr,0.0
libri3,libri2,pink,-5.0,0.325,fpr,0.0
libri3,libri2,pink,-5.0,0.35,fpr,0.0
libri3,libri2,pink,-5.0,0.375,fpr,0.0
libri3,libri2,pink,-5.0,0.4,fpr,0.0
libri3,libri2,pink,-5.0,0.425,fpr,0.0
libri3,libri2,pink,-5.0,0.45,fpr,0.0
libri3,libri2,pink,-5.0,0.475,fpr,0.0
libri3,libri2,pink,-5.0,0.5,fpr,0.0
libri3,libri2,pink,-5.0,0.525,fpr,0.0
libri3,libri2,pink,-5.0,0.55,fpr,0.0
libri3,libri2,pink,0.0,0.2,fpr,0.0651
libri3,libri2,pink,0.0,0.225,fpr,0.0
libri3,libri2,pink,0.0,0.25,fpr,0.0
libri3,libri2,pink,0.0,0.275,fpr,0.0
libri3,libri2,pink,0.0,0.3,fpr,0.0
libri3,libri2,pink,0.0,0.325,fpr,0.0
libri3,libri2,pink,0.0,0.35,fpr,0.0
libri3,libri2,pink,0.0,0.375,fpr,0.0
libri3,libri2,pink,0.0,0.4,fpr,0.0
libri3,libri2,pink,0.0,0.425,fpr,0.0
libri3,libri2,pink,0.0,0.45,fpr,0.0
libri3,libri2,pink,0.0,0.475,fpr,0.0
libri3,libri2,pink,0.0,0.5,fpr,0.0
libri3,libri2,pink,0.0,0.525,fpr,0.0
libri3,libri2,pink,0.0,0.55,fpr,0.0
libri3,libri2,pink,5.0,0.2,fpr,0.0
libri3,libri2,pink,5.0,0.225,fpr,0.0
libri3,libri2,pink,5.0,0.25,fpr,0.0
libri3,libri2,pink,5.0,0.275,fpr,0.0
libri3,libri2,pink,5.0,0.3,fpr,0.0
libri3,libri2,pink,5.0,0.325,fpr,0.0
libri3,libri2,pink,5.0,0.35,fpr,0.0
libri3,libri2,pink,5.0,0.375,fpr,0.0
libri3,libri2,pink,5.0,0.4,fpr,0.0
libri3,libri2,pink,5.0,0.425,fpr,0.0
libri3,libri2,pink,5.0,0.45,fpr,0.0
libri3,libri2,pink,5.0,0.475,fpr,0.0
libri3,libri2,pink,5.0,0.5,fpr,0.0
libri3,libri2,pink,5.0,0.525,fpr,0.0
libri3,libri2,pink,5.0,0.55,fpr,0.0
libri3,libri2,pink,10.0,0.2,fpr,0.1188
libri3,libri2,pink,10.0,0.225,fpr,0.0
libri3,libri2,pink,10.0,0.25,fpr,0.0
libri3,libri2,pink,10.0,0.275,fpr,0.0
libri3,libri2,pink,10.0,0.3,fpr,0.0
libri3,libri2,pink,10.0,0.325,fpr,0.0
libri3,libri2,pink,10.0,0.35,fpr,0.0
libri3,libri2,pink,10.0,0.375,fpr,0.0
libri3,libri2,pink,10.0,0.4,fpr,0.0
libri3,libri2,pink,10.0,0.425,fpr,0.0
libri3,libri2,pink,10.0,0.45,fpr,0.0
libri3,libri2,pink,10.0,0.475,fpr,0.0
libri3,libri2,pink,10.0,0.5,fpr,0.0
libri3,libri2,pink,10.0,0.525,fpr,0.0
libri3,libri2,pink,10.0,0.55,fpr,0.0
libri3,libri2,pink,15.0,0.2,fpr,0.0651
libri3,libri2,pink,15.0,0.225,fpr,0.0
libri3,libri2,pink,15.0,0.25,fpr,0.0
libri3,libri2,pink,15.0,0.275,fpr,0.0
libri3,libri2,pink,15.0,0.3,fpr,0.0
libri3,libri2,pink,15.0,0.325,fpr,0.0
libri3,libri2,pink,15.0,0.35,fpr,0.0
libri3,libri2,pink,15.0,0.375,fpr,0.0
libri3,libri2,pink,15.0,0.4,fpr,0.0
libri3,libri2,pink,15.0,0.425,fpr,0.0
libri3,libri2,pink,15.0,0.45,fpr,0.0
libri3,libri2,pink,15.0,0.475,fpr,0.0
libri3,libri2,pink,15.0,0.5,fpr,0.0
libri3,libri2,pink,15.0,0.525,fpr,0.0
libri3,libri2,pink,15.0,0.55,fpr,0.0
libri3,libri2,pink,20.0,0.2,fpr,0.0
libri3,libri2,pink,20.0,0.225,fpr,0.0
libri3,libri2,pink,20.0,0.25,fpr,0.0
libri3,libri2,pink,20.0,0.275,fpr,0.0
libri3,libri2,pink,20.0,0.3,fpr,0.0
libri3,libri2,pink,20.0,0.325,fpr,0.0
libri3,libri2,pink,20.0,0.35,fpr,0.0
libri3,libri2,pink,20.0,0.375,fpr,0.0
libri3,libri2,pink,20.0,0.4,fpr,0.0
libri3,libri2,pink,20.0,0.425,fpr,0.0
libri3,libri2,pink,20.0,0.45,fpr,0.0
libri3,libri2,pink,20.0,0.475,fpr,0.0
libri3,libri2,pink,20.0,0.5,fpr,0.0
libri3,libri2,pink,20.0,0.525,fpr,0.0
libri3,libri2,pink,20.0,0.55,fpr,0.0
libri3,libri3,white,-5.0,0.2,tpr,0.8433
libri3,libri3,white,-5.0,0.225,tpr,0.8433
libri3,libri3,white,-5.0,0.25,tpr,0.8433
libri3,libri3,white,-5.0,0.275,tpr,0.7419
libri3,libri3,white,-5.0,0.3,tpr,0.6728
libri3,libri3,white,-5.0,0.325,tpr,0.4885
libri3,libri3,white,-5.0,0.35,tpr,0.4147
libri3,libri3,white,-5.0,0.375,tpr,0.3041
libri3,libri3,white,-5.0,0.4,tpr,0.0783
libri3,libri3,white,-5.0,0.425,tpr,0.0783
libri3,libri3,white,-5.0,0.45,tpr,0.0783
libri3,libri3,white,-5.0,0.475,tpr,0.0
libri3,libri3,white,-5.0,0.5,tpr,0.0
libri3,libri3,white,-5.0,0.525,tpr,0.0
libri3,libri3,white,-5.0,0.55,tpr,0.0
libri3,libri3,white,0.0,0.2,tpr,0.8571
libri3,libri3,white,0.0,0.225,tpr,0.8249
libri3,libri3,white,0.0,0.25,tpr,0.788
libri3,libri3,white,0.0,0.275,tpr,0.7419
libri3,libri3,white,0.0,0.3,tpr,0.7051
libri3,libri3,white,0.0,0.325,tpr,0.4562
libri3,libri3,white,0.0,0.35,tpr,0.341
libri3,libri3,white,0.0,0.375,tpr,0.2304
libri3,libri3,white,0.0,0.4,tpr,0.1935
libri3,libri3,white,0.0,0.425,tpr,0.1935
libri3,libri3,white,0.0,0.45,tpr,0.1567
libri3,libri3,white,0.0,0.475,tpr,0.1567
libri3,libri3,white,0.0,0.5,tpr,0.0783
libri3,libri3,white,0.0,0.525,tpr,0.0
libri3,libri3,white,0.0,0.55,tpr,0.0
libri3,libri3,white,5.0,0.2,tpr,0.8571
libri3,libri3,white,5.0,0.225,tpr,0.8571
libri3,libri3,white,5.0,0.25,tpr,0.8571
libri3,libri3,white,5.0,0.275,tpr,0.8249
libri3,libri3,white,5.0,0.3,tpr,0.6406
libri3,libri3,white,5.0,0.325,tpr,0.4516
libri3,libri3,white,5.0,0.35,tpr,0.235
libri3,libri3,white,5.0,0.375,tpr,0.235
libri3,libri3,white,5.0,0.4,tpr,0.1567
libri3,libri3,white,5.0,0.425,tpr,0.0783
libri3,libri3,white,5.0,0.45,tpr,0.0783
libri3,libri3,white,5.0,0.475,tpr,0.0
libri3,libri3,white,5.0,0.5,tpr,0.0
libri3,libri3,white,5.0,0.525,tpr,0.0
libri3,libri3,white,5.0,0.55,tpr,0.0
libri3,libri3,white,10.0,0.2,tpr,0.8571
libri3,libri3,white,10.0,0.225,tpr,0.8571
libri3,libri3,white,10.0,0.25,tpr,0.8571
libri3,libri3,white,10.0,0.275,tpr,0.8571
libri3,libri3,white,10.0,0.3,tpr,0.8249
libri3,libri3,white,10.0,0.325,tpr,0.8249
libri3,libri3,white,10.0,0.35,tpr,0.7097
libri3,libri3,white,10.0,0.375,tpr,0.5668
libri3,libri3,white,10.0,0.4,tpr,0.3088
libri3,libri3,white,10.0,0.425,tpr,0.235
libri3,libri3,white,10.0,0.45,tpr,0.1567
libri3,libri3,white,10.0,0.475,tpr,0.0783
libri3,libri3,white,10.0,0.5,tpr,0.0
libri3,libri3,white,10.0,0.525,tpr,0.0
libri3,libri3,white,10.0,0.55,tpr,0.0
libri3,libri3,white,15.0,0.2,tpr,0.8571
libri3,libri3,white,15.0,0.225,tpr,0.8571
libri3,libri3,white,15.0,0.25,tpr,0.8571
libri3,libri3,white,15.0,0.275,tpr,0.8571
libri3,libri3,white,15.0,0.3,tpr,0.7788
libri3,libri3,white,15.0,0.325,tpr,0.7465
libri3,libri3,white,15.0,0.35,tpr,0.7143
libri3,libri3,white,15.0,0.375,tpr,0.7143
libri3,libri3,white,15.0,0.4,tpr,0.6406
libri3,libri3,white,15.0,0.425,tpr,0.3825
libri3,libri3,white,15.0,0.45,tpr,0.1567
libri3,libri3,white,15.0,0.475,tpr,0.1567
libri3,libri3,white,15.0,0.5,tpr,0.0783
libri3,libri3,white,15.0,0.525,tpr,0.0783
libri3,libri3,white,15.0,0.55,tpr,0.0783
libri3,libri3,white,20.0,0.2,tpr,0.8571
libri3,libri3,white,20.0,0.225,tpr,0.8571
libri3,libri3,white,20.0,0.25,tpr,0.8571
libri3,libri3,white,20.0,0.275,tpr,0.8571
libri3,libri3,white,20.0,0.3,tpr,0.8571
libri3,libri3,white,20.0,0.325,tpr,0.8525
libri3,libri3,white,20.0,0.35,tpr,0.8203
libri3,libri3,white,20.0,0.375,tpr,0.7143
libri3,libri3,white,20.0,0.4,tpr,0.6774
libri3,libri3,white,20.0,0.425,tpr,0.5622
libri3,libri3,white,20.0,0.45,tpr,0.5253
libri3,libri3,white,20.0,0.475,tpr,0.4931
libri3,libri3,white,20.0,0.5,tpr,0.3825
libri3,libri3,white,20.0,0.525,tpr,0.1567
libri3,libri3,white,20.0,0.55,tpr,0.0783
libri3,libri3,pink,-5.0,0.2,tpr,0.8571
libri3,libri3,pink,-5.0,0.225,tpr,0.8525
libri3,libri3,pink,-5.0,0.25,tpr,0.7834
libri3,libri3,pink,-5.0,0.275,tpr,0.6313
libri3,libri3,pink,-5.0,0.3,tpr,0.6313
libri3,libri3,pink,-5.0,0.325,tpr,0.5622
libri3,libri3,pink,-5.0,0.35,tpr,0.5622
libri3,libri3,pink,-5.0,0.375,tpr,0.4194
libri3,libri3,pink,-5.0,0.4,tpr,0.3088
libri3,libri3,pink,-5.0,0.425,tpr,0.1567
libri3,libri3,pink,-5.0,0.45,tpr,0.0
libri3,libri3,pink,-5.0,0.475,tpr,0.0
libri3,libri3,pink,-5.0,0.5,tpr,0.0
libri3,libri3,pink,-5.0,0.525,tpr,0.0
libri3,libri3,pink,-5.0,0.55,tpr,0.0
libri3,libri3,pink,0.0,0.2,tpr,0.8571
libri3,libri3,pink,0.0,0.225,tpr,0.8571
libri3,libri3,pink,0.0,0.25,tpr,0.8571
libri3,libri3,pink,0.0,0.275,tpr,0.8571
libri3,libri3,pink,0.0,0.3,tpr,0.8157
libri3,libri3,pink,0.0,0.325,tpr,0.7788
libri3,libri3,pink,0.0,0.35,tpr,0.5668
libri3,libri3,pink,0.0,0.375,tpr,0.4194
libri3,libri3,pink,0.0,0.4,tpr,0.2304
libri3,libri3,pink,0.0,0.425,tpr,0.1567
libri3,libri3,pink,0.0,0.45,tpr,0.0783
libri3,libri3,pink,0.0,0.475,tpr,0.0783
libri3,libri3,pink,0.0,0.5,tpr,0.0
libri3,libri3,pink,0.0,0.525,tpr,0.0
libri3,libri3,pink,0.0,0.55,tpr,0.0
libri3,libri3,pink,5.0,0.2,tpr,0.8571
libri3,libri3,pink,5.0,0.225,tpr,0.8571
libri3,libri3,pink,5.0,0.25,tpr,0.8571
libri3,libri3,pink,5.0,0.275,tpr,0.8571
libri3,libri3,pink,5.0,0.3,tpr,0.788
libri3,libri3,pink,5.0,0.325,tpr,0.7558
libri3,libri3,pink,5.0,0.35,tpr,0.5622
libri3,libri3,pink,5.0,0.375,tpr,0.4885
libri3,libri3,pink,5.0,0.4,tpr,0.4516
libri3,libri3,pink,5.0,0.425,tpr,0.4516
libri3,libri3,pink,5.0,0.45,tpr,0.4194
libri3,libri3,pink,5.0,0.475,tpr,0.3041
libri3,libri3,pink,5.0,0.5,tpr,0.1567
libri3,libri3,pink,5.0,0.525,tpr,0.0783
libri3,libri3,pink,5.0,0.55,tpr,0.0783
libri3,libri3,pink,10.0,0.2,tpr,0.8571
libri3,libri3,pink,10.0,0.225,tpr,0.8571
libri3,libri3,pink,10.0,0.25,tpr,0.8571
libri3,libri3,pink,10.0,0.275,tpr,0.8571
libri3,libri3,pink,10.0,0.3,tpr,0.8571
libri3,libri3,pink,10.0,0.325,tpr,0.8571
libri3,libri3,pink,10.0,0.35,tpr,0.6774
libri3,libri3,pink,10.0,0.375,tpr,0.6406
libri3,libri3,pink,10.0,0.4,tpr,0.4931
libri3,libri3,pink,10.0,0.425,tpr,0.4931
libri3,libri3,pink,10.0,0.45,tpr,0.3041
libri3,libri3,pink,10.0,0.475,tpr,0.3041
libri3,libri3,pink,10.0,0.5,tpr,0.0783
libri3,libri3,pink,10.0,0.525,tpr,0.0783
libri3,libri3,pink,10.0,0.55,tpr,0.0783
libri3,libri3,pink,15.0,0.2,tpr,0.8571
libri3,libri3,pink,15.0,0.225,tpr,0.8571
libri3,libri3,pink,15.0,0.25,tpr,0.8571
libri3,libri3,pink,15.0,0.275,tpr,0.8571
libri3,libri3,pink,15.0,0.3,tpr,0.8571
libri3,libri3,pink,15.0,0.325,tpr,0.8249
libri3,libri3,pink,15.0,0.35,tpr,0.7926
libri3,libri3,pink,15.0,0.375,tpr,0.7926
libri3,libri3,pink,15.0,0.4,tpr,0.7558
libri3,libri3,pink,15.0,0.425,tpr,0.6728
libri3,libri3,pink,15.0,0.45,tpr,0.5622
libri3,libri3,pink,15.0,0.475,tpr,0.3088
libri3,libri3,pink,15.0,0.5,tpr,0.235
libri3,libri3,pink,15.0,0.525,tpr,0.235
libri3,libri3,pink,15.0,0.55,tpr,0.0783
libri3,libri3,pink,20.0,0.2,tpr,0.8571
libri3,libri3,pink,20.0,0.225,tpr,0.8571
libri3,libri3,pink,20.0,0.25,tpr,0.8571
libri3,libri3,pink,20.0,0.275,tpr,0.8571
libri3,libri3,pink,20.0,0.3,tpr,0.8571
libri3,libri3,pink,20.0,0.325,tpr,0.8571
libri3,libri3,pink,20.0,0.35,tpr,0.8571
libri3,libri3,pink,20.0,0.375,tpr,0.8203
libri3,libri3,pink,20.0,0.4,tpr,0.8203
libri3,libri3,pink,20.0,0.425,tpr,0.788
libri3,libri3,pink,20.0,0.45,tpr,0.5622
libri3,libri3,pink,20.0,0.475,tpr,0.5622
libri3,libri3,pink,20.0,0.5,tpr,0.3825
libri3,libri3,pink,20.0,0.525,tpr,0.235
libri3,libri3,pink,20.0,0.55,tpr,0.1567
